DATASET_SHORT,KEYWORD,probability,DATASET_LONG,DATASET_NODE_ID,KEYWORD_NODE_ID
SNDRAQIML3CMCCP,surface winds,1.0,Sounder SIPS: AQUA AIRS IR + MW Level 3 CLIMCAPS : Comprehensive Quality Control Gridded Monthly V2 (SNDRAQIML3CMCCP) at GES DISC,772,1749
TOVSA5ND,precipitation rate,1.0,TOVS GLA 5 DAY GRIDS from NOAA-12 V01 (TOVSA5ND) at GES DISC,1485,1714
TOVSA5ND,surface pressure,1.0,TOVS GLA 5 DAY GRIDS from NOAA-12 V01 (TOVSA5ND) at GES DISC,1485,1668
MAT1NXSLV_CPR,skin temperature,1.0,"MERRA 2D IAU Diagnostic, Single Level Meteorology, Time Average 1-hourly 0.6 x 0.25 degree subsetted along CloudSat track V5.2.0 (MAT1NXSLV_CPR) at GES DISC",1462,1628
PET_PU_3H025,upper air temperature,1.0,RM-OBS/PU Potential Evapotranspiration and Supporting Forcing L4 3-hourly 0.25x0.25 degree V001 (PET_PU_3H025) at GES DISC,817,1670
TOVSBMNG,total precipitable water,1.0,TOVS LMD MONTHLY GRIDS from NOAA-10 V01 (TOVSBMNG) at GES DISC,1533,1685
TOVSBMNG,air temperature,1.0,TOVS LMD MONTHLY GRIDS from NOAA-10 V01 (TOVSBMNG) at GES DISC,1533,1680
GSSTF_F08,surface pressure,1.0,"Goddard Satellite-Based Surface Turbulent Fluxes, 0.25 x 0.25 deg, Daily Grid F08 V3 (GSSTF_F08) at GES DISC",1436,1668
SNDRAQIL3SMCCP,surface winds,1.0,Sounder SIPS: AQUA AIRS IR-only Level 3 CLIMCAPS: Specific Quality Control Gridded Monthly V2 (SNDRAQIL3SMCCP) at GES DISC,1528,1749
M2T1NXOCN,surface winds,1.0,"MERRA-2 tavg1_2d_ocn_Nx: 2d,1-Hourly,Time-Averaged,Single-Level,Assimilation,Ocean Surface Diagnostics 0.625 x 0.5 degree V5.12.4 (M2T1NXOCN) at GES DISC",1518,1749
ML3DBO3,aerosols,1.0,MLS/Aura Level 3 Daily Binned Ozone (O3) Mixing Ratio on Assorted Grids V005 (ML3DBO3) at GES DISC,1421,1607
SNDRJ1ML2RMS,atmospheric winds,1.0,"Sounder SIPS: JPSS-1 ATMS Level 2 RAMSES2 Standard: Atmosphere, precipitation and surface geophysical state V3 (SNDRJ1ML2RMS) at GES DISC",1410,1746
SNDRJ1ML2RMS,cloud properties,1.0,"Sounder SIPS: JPSS-1 ATMS Level 2 RAMSES2 Standard: Atmosphere, precipitation and surface geophysical state V3 (SNDRJ1ML2RMS) at GES DISC",1410,1686
SNDRJ1ML2RMS,clouds,1.0,"Sounder SIPS: JPSS-1 ATMS Level 2 RAMSES2 Standard: Atmosphere, precipitation and surface geophysical state V3 (SNDRJ1ML2RMS) at GES DISC",1410,1674
SNDRJ1ML2RMS,atmospheric radiation,1.0,"Sounder SIPS: JPSS-1 ATMS Level 2 RAMSES2 Standard: Atmosphere, precipitation and surface geophysical state V3 (SNDRJ1ML2RMS) at GES DISC",1410,1586
AIRS3ST8,surface winds,1.0,AIRS/Aqua L3 8-day Standard Physical Retrieval (AIRS-only) 1 degree X 1 degree V006 (AIRS3ST8) at GES DISC,1499,1749
GSSTFM_NCEP,surface pressure,1.0,"NCEP/DOE Reanalysis II in HDF-EOS5, for GSSTF2c, 1x1 deg Monthly grid V2c (GSSTFM_NCEP) at GES DISC",777,1668
GSSTFM_NCEP,oxygen compounds,1.0,"NCEP/DOE Reanalysis II in HDF-EOS5, for GSSTF2c, 1x1 deg Monthly grid V2c (GSSTFM_NCEP) at GES DISC",777,1633
SNDRAQIML3CDCCP,surface winds,1.0,Sounder SIPS: AQUA AIRS IR + MW Level 3 CLIMCAPS : Comprehensive Quality Control Gridded Daily V2 (SNDRAQIML3CDCCP) at GES DISC,1394,1749
AIRS,vertical profiles,1.0,Atmospheric Infrared Sounder,2171,1682
M2T3NVASM,precipitation rate,1.0,"MERRA-2 tavg3_3d_asm_Nv: 3d,3-Hourly,Time-Averaged,Model-Level,Assimilation,Assimilated Meteorological Fields 0.625 x 0.5 degree V5.12.4 (M2T3NVASM) at GES DISC",1315,1714
M2T3NVASM,water vapor,1.0,"MERRA-2 tavg3_3d_asm_Nv: 3d,3-Hourly,Time-Averaged,Model-Level,Assimilation,Assimilated Meteorological Fields 0.625 x 0.5 degree V5.12.4 (M2T3NVASM) at GES DISC",1315,1630
AIRS,upper air temperature,1.0,Atmospheric Infrared Sounder,2171,1670
FLDAS_NOAH01_C_GL_M,cloud top pressure,1.0,FLDAS Noah Land Surface Model L4 Global Monthly 0.1 x 0.1 degree (MERRA-2 and CHIRPS) V001 (FLDAS_NOAH01_C_GL_M) at GES DISC,1295,1688
AIRS2SUP,surface winds,1.0,AIRS/Aqua L2 Support Retrieval (AIRS-only) V006 (AIRS2SUP) at GES DISC,847,1749
GSSTF,surface pressure,1.0,"Goddard Satellite-Based Surface Turbulent Fluxes, 1x1 deg Daily Grid, Set1 V2c (GSSTF) at GES DISC",841,1668
UARML3AT,cloud properties,1.0,UARS Microwave Limb Sounder (MLS) Level 3AT V005 (UARML3AT) at GES DISC,1497,1686
UARML3AT,clouds,1.0,UARS Microwave Limb Sounder (MLS) Level 3AT V005 (UARML3AT) at GES DISC,1497,1674
TOVSADND,surface winds,1.0,TOVS GLA DAILY GRIDS from NOAA-12 V01 (TOVSADND) at GES DISC,1494,1749
TOVSADND,atmospheric winds,1.0,TOVS GLA DAILY GRIDS from NOAA-12 V01 (TOVSADND) at GES DISC,1494,1746
TOVSADND,precipitation rate,1.0,TOVS GLA DAILY GRIDS from NOAA-12 V01 (TOVSADND) at GES DISC,1494,1714
AIRS,surface winds,1.0,Atmospheric Infrared Sounder,2171,1749
TOVSADNH,surface winds,1.0,TOVS GLA DAILY GRIDS from NOAA-11 V01 (TOVSADNH) at GES DISC,242,1749
TOVSADNH,atmospheric winds,1.0,TOVS GLA DAILY GRIDS from NOAA-11 V01 (TOVSADNH) at GES DISC,242,1746
TOVSADNH,heat flux,1.0,TOVS GLA DAILY GRIDS from NOAA-11 V01 (TOVSADNH) at GES DISC,242,1718
M2I1NXASM,cloud properties,1.0,"MERRA-2 inst1_2d_asm_Nx: 2d,1-Hourly,Instantaneous,Single-Level,Assimilation,Single-Level Diagnostics 0.625 x 0.5 degree V5.12.4 (M2I1NXASM) at GES DISC",240,1686
M2I1NXASM,precipitation,1.0,"MERRA-2 inst1_2d_asm_Nx: 2d,1-Hourly,Instantaneous,Single-Level,Assimilation,Single-Level Diagnostics 0.625 x 0.5 degree V5.12.4 (M2I1NXASM) at GES DISC",240,1585
TOVSBDND,total precipitable water,1.0,TOVS LMD DAILY GRIDS from NOAA-12 V01 (TOVSBDND) at GES DISC,239,1685
TOVSBDND,air temperature,1.0,TOVS LMD DAILY GRIDS from NOAA-12 V01 (TOVSBDND) at GES DISC,239,1680
AIRS2SUP_NRT,surface winds,1.0,AIRS/Aqua L2 Near Real Time (NRT) Support Retrieval (AIRS-only) V006 (AIRS2SUP_NRT) at GES DISC,635,1749
AIRS2SUP_NRT,vertical profiles,1.0,AIRS/Aqua L2 Near Real Time (NRT) Support Retrieval (AIRS-only) V006 (AIRS2SUP_NRT) at GES DISC,635,1682
M2I1NXINT,cloud properties,1.0,"MERRA-2 inst1_2d_int_Nx: 2d,1-Hourly,Instantaneous,Single-Level,Assimilation,Vertically Integrated Diagnostics 0.625 x 0.5 degree V5.12.4 (M2I1NXINT) at GES DISC",66,1686
M2I1NXINT,upper air temperature,1.0,"MERRA-2 inst1_2d_int_Nx: 2d,1-Hourly,Instantaneous,Single-Level,Assimilation,Vertically Integrated Diagnostics 0.625 x 0.5 degree V5.12.4 (M2I1NXINT) at GES DISC",66,1670
M2I1NXINT,precipitation,1.0,"MERRA-2 inst1_2d_int_Nx: 2d,1-Hourly,Instantaneous,Single-Level,Assimilation,Vertically Integrated Diagnostics 0.625 x 0.5 degree V5.12.4 (M2I1NXINT) at GES DISC",66,1585
TOVSAMTN,surface winds,1.0,TOVS GLA MONTHLY GRIDS from TIROSN V01 (TOVSAMTN) at GES DISC,226,1749
TOVSAMTN,heat flux,1.0,TOVS GLA MONTHLY GRIDS from TIROSN V01 (TOVSAMTN) at GES DISC,226,1718
SNDRSNML3DRMS,cloud properties,1.0,Sounder SIPS: Suomi NPP ATMS Level 3 RAMSES2 Standard Gridded Daily V3 at GES DISC,225,1686
SNDRSNML3DRMS,total precipitable water,1.0,Sounder SIPS: Suomi NPP ATMS Level 3 RAMSES2 Standard Gridded Daily V3 at GES DISC,225,1685
SNDRSNML3DRMS,clouds,1.0,Sounder SIPS: Suomi NPP ATMS Level 3 RAMSES2 Standard Gridded Daily V3 at GES DISC,225,1674
SNDRSNML3DRMS,water vapor,1.0,Sounder SIPS: Suomi NPP ATMS Level 3 RAMSES2 Standard Gridded Daily V3 at GES DISC,225,1630
M2TMNXRAD,surface winds,1.0,"MERRA-2 tavgM_2d_rad_Nx: 2d,Monthly mean,Time-Averaged,Single-Level,Assimilation,Radiation Diagnostics 0.625 x 0.5 degree V5.12.4 (M2TMNXRAD) at GES DISC",1060,1749
AIRS3STM,surface winds,1.0,AIRS/Aqua L3 Monthly Standard Physical Retrieval (AIRS-only) 1 degree x 1 degree V006 (AIRS3STM) at GES DISC,49,1749
M2TMNXSLV,longwave radiation,1.0,"MERRA-2 tavgM_2d_slv_Nx: 2d,Monthly mean,Time-Averaged,Single-Level,Assimilation,Single-Level Diagnostics 0.625 x 0.5 degree V5.12.4 (M2TMNXSLV) at GES DISC",1056,1719
M2TMNXSLV,heat flux,1.0,"MERRA-2 tavgM_2d_slv_Nx: 2d,Monthly mean,Time-Averaged,Single-Level,Assimilation,Single-Level Diagnostics 0.625 x 0.5 degree V5.12.4 (M2TMNXSLV) at GES DISC",1056,1718
M2TMNXSLV,cloud fraction,1.0,"MERRA-2 tavgM_2d_slv_Nx: 2d,Monthly mean,Time-Averaged,Single-Level,Assimilation,Single-Level Diagnostics 0.625 x 0.5 degree V5.12.4 (M2TMNXSLV) at GES DISC",1056,1687
TOVSAMNJ,precipitation rate,1.0,TOVS GLA MONTHLY GRIDS from NOAA-14 02 (TOVSAMNJ) at GES DISC,447,1714
M2TUNXSLV,longwave radiation,1.0,"MERRA-2 tavgU_2d_slv_Nx: 2d,diurnal,Time-Averaged,Single-Level,Assimilation,Single-Level Diagnostics 0.625 x 0.5 degree V5.12.4 (M2TUNXSLV) at GES DISC",748,1719
M2TUNXSLV,heat flux,1.0,"MERRA-2 tavgU_2d_slv_Nx: 2d,diurnal,Time-Averaged,Single-Level,Assimilation,Single-Level Diagnostics 0.625 x 0.5 degree V5.12.4 (M2TUNXSLV) at GES DISC",748,1718
M2TUNXSLV,cloud fraction,1.0,"MERRA-2 tavgU_2d_slv_Nx: 2d,diurnal,Time-Averaged,Single-Level,Assimilation,Single-Level Diagnostics 0.625 x 0.5 degree V5.12.4 (M2TUNXSLV) at GES DISC",748,1687
M2TUNXRAD,surface winds,1.0,"MERRA-2 tavgU_2d_rad_Nx: 2d,diurnal,Time-Averaged,Single-Level,Assimilation,Radiation Diagnostics 0.625 x 0.5 degree V5.12.4 (M2TUNXRAD) at GES DISC",743,1749
TOVSAMNH,surface winds,1.0,TOVS GLA MONTHLY GRIDS from NOAA-11 V01 (TOVSAMNH) at GES DISC,738,1749
TOVSAMNH,atmospheric winds,1.0,TOVS GLA MONTHLY GRIDS from NOAA-11 V01 (TOVSAMNH) at GES DISC,738,1746
TOVSAMNH,heat flux,1.0,TOVS GLA MONTHLY GRIDS from NOAA-11 V01 (TOVSAMNH) at GES DISC,738,1718
AIRX3SP8,surface winds,1.0,AIRS/Aqua L3 8-day Support Multiday Product (AIRS+AMSU) 1 degree x 1 degree V006 (AIRX3SP8) at GES DISC,29,1749
AIRS3SPD,surface winds,1.0,AIRS/Aqua L3 Daily Support Product (AIRS-only) 1 degree x 1 degree V006 (AIRS3SPD) at GES DISC,27,1749
AIRS2RET,surface winds,1.0,Aqua/AIRS L2 Standard Physical Retrieval (AIRS-only) V7.0 at GES DISC,192,1749
TOVSA5NH,heat flux,1.0,TOVS GLA 5 DAY GRIDS from NOAA-11 V01 (TOVSA5NH) at GES DISC,23,1718
TOVSA5NH,precipitation rate,1.0,TOVS GLA 5 DAY GRIDS from NOAA-11 V01 (TOVSA5NH) at GES DISC,23,1714
TOVSA5NH,surface pressure,1.0,TOVS GLA 5 DAY GRIDS from NOAA-11 V01 (TOVSA5NH) at GES DISC,23,1668
AIRS3STD,surface winds,1.0,Aqua/AIRS L3 Daily Standard Physical Retrieval (AIRS-only) 1 degree x 1 degree V7.0 at GES DISC,723,1749
TOVSAMNG,surface winds,1.0,TOVS GLA MONTHLY GRIDS from NOAA-10 02 (TOVSAMNG) at GES DISC,189,1749
TOVSAMNG,atmospheric winds,1.0,TOVS GLA MONTHLY GRIDS from NOAA-10 02 (TOVSAMNG) at GES DISC,189,1746
TOVSAMNG,heat flux,1.0,TOVS GLA MONTHLY GRIDS from NOAA-10 02 (TOVSAMNG) at GES DISC,189,1718
TOVSB5ND,total precipitable water,1.0,TOVS LMD 5 DAY GRIDS from NOAA-12 V01 (TOVSB5ND) at GES DISC,19,1685
TOVSB5ND,air temperature,1.0,TOVS LMD 5 DAY GRIDS from NOAA-12 V01 (TOVSB5ND) at GES DISC,19,1680
AIRS3SPM,surface winds,1.0,Aqua/AIRS L3 Monthly Support Product (AIRS-only) 1 degree x 1 degree V7.0 at GES DISC,707,1749
TRMM_2A12,oxygen compounds,1.0,TRMM Microwave Imager Hydrometeor Profile L2 1.5 hours V7 (TRMM_2A12) at GES DISC,705,1633
AIRH2RET,surface winds,1.0,AIRS/Aqua L2 Standard Physical Retrieval (AIRS+AMSU+HSB) V006 (AIRH2RET) at GES DISC,402,1749
AIRH2RET,longwave radiation,1.0,AIRS/Aqua L2 Standard Physical Retrieval (AIRS+AMSU+HSB) V006 (AIRH2RET) at GES DISC,402,1719
AIRH2RET,heat flux,1.0,AIRS/Aqua L2 Standard Physical Retrieval (AIRS+AMSU+HSB) V006 (AIRH2RET) at GES DISC,402,1718
AIRH2RET,precipitation rate,1.0,AIRS/Aqua L2 Standard Physical Retrieval (AIRS+AMSU+HSB) V006 (AIRH2RET) at GES DISC,402,1714
AIRH2RET,humidity,1.0,AIRS/Aqua L2 Standard Physical Retrieval (AIRS+AMSU+HSB) V006 (AIRH2RET) at GES DISC,402,1672
AIRH2RET,water vapor,1.0,AIRS/Aqua L2 Standard Physical Retrieval (AIRS+AMSU+HSB) V006 (AIRH2RET) at GES DISC,402,1630
TOVSADTN,surface winds,1.0,TOVS GLA DAILY GRIDS from TIROSN V01 (TOVSADTN) at GES DISC,694,1749
TOVSADTN,atmospheric winds,1.0,TOVS GLA DAILY GRIDS from TIROSN V01 (TOVSADTN) at GES DISC,694,1746
TOVSADTN,precipitation rate,1.0,TOVS GLA DAILY GRIDS from TIROSN V01 (TOVSADTN) at GES DISC,694,1714
M2T1NXRAD,surface winds,1.0,"MERRA-2 tavg1_2d_rad_Nx: 2d,1-Hourly,Time-Averaged,Single-Level,Assimilation,Radiation Diagnostics 0.625 x 0.5 degree V5.12.4 (M2T1NXRAD) at GES DISC",1273,1749
M2T3NVCLD,surface temperature,1.0,"MERRA-2 tavg3_3d_cld_Nv: 3d,3-Hourly,Time-Averaged,Model-Level,Assimilation,Cloud Diagnostics 0.625 x 0.5 degree V5.12.4 (M2T3NVCLD) at GES DISC",165,1671
M2T3NVCLD,atmospheric radiation,1.0,"MERRA-2 tavg3_3d_cld_Nv: 3d,3-Hourly,Time-Averaged,Model-Level,Assimilation,Cloud Diagnostics 0.625 x 0.5 degree V5.12.4 (M2T3NVCLD) at GES DISC",165,1586
AIRS2RET_NRT,surface winds,1.0,AIRS/Aqua L2 Near Real Time (NRT) Standard Physical Retrieval (AIRS-only) V006 (AIRS2RET_NRT) at GES DISC,689,1749
AIRS2RET_NRT,vertical profiles,1.0,AIRS/Aqua L2 Near Real Time (NRT) Standard Physical Retrieval (AIRS-only) V006 (AIRS2RET_NRT) at GES DISC,689,1682
M2T1NXSLV,water vapor processes,1.0,"MERRA-2 tavg1_2d_slv_Nx: 2d,1-Hourly,Time-Averaged,Single-Level,Assimilation,Single-Level Diagnostics 0.625 x 0.5 degree V5.12.4 (M2T1NXSLV) at GES DISC",1265,1722
M2T1NXSLV,longwave radiation,1.0,"MERRA-2 tavg1_2d_slv_Nx: 2d,1-Hourly,Time-Averaged,Single-Level,Assimilation,Single-Level Diagnostics 0.625 x 0.5 degree V5.12.4 (M2T1NXSLV) at GES DISC",1265,1719
M2T1NXSLV,heat flux,1.0,"MERRA-2 tavg1_2d_slv_Nx: 2d,1-Hourly,Time-Averaged,Single-Level,Assimilation,Single-Level Diagnostics 0.625 x 0.5 degree V5.12.4 (M2T1NXSLV) at GES DISC",1265,1718
M2T1NXSLV,precipitation rate,1.0,"MERRA-2 tavg1_2d_slv_Nx: 2d,1-Hourly,Time-Averaged,Single-Level,Assimilation,Single-Level Diagnostics 0.625 x 0.5 degree V5.12.4 (M2T1NXSLV) at GES DISC",1265,1714
M2T1NXSLV,precipitation,1.0,"MERRA-2 tavg1_2d_slv_Nx: 2d,1-Hourly,Time-Averaged,Single-Level,Assimilation,Single-Level Diagnostics 0.625 x 0.5 degree V5.12.4 (M2T1NXSLV) at GES DISC",1265,1585
FLDAS_NOAH01_C_GL_MC,oxygen compounds,1.0,FLDAS Noah Land Surface Model L4 Global Monthly Climatology 0.1 x 0.1 degree (MERRA-2 and CHIRPS) V001 (FLDAS_NOAH01_C_GL_MC) at GES DISC,388,1633
AIRH2SUP,surface winds,1.0,Aqua/AIRS L2 Support Retrieval (AIRS+AMSU+HSB) V7.0 at GES DISC,683,1749
M2TUNXOCN,surface winds,1.0,"MERRA-2 tavgU_2d_ocn_Nx: 2d,diurnal,Time-Averaged,Single-Level,Assimilation,Ocean Surface Diagnostics 0.625 x 0.5 degree V5.12.4 (M2TUNXOCN) at GES DISC",674,1749
M2IUNXASM,cloud properties,1.0,"MERRA-2 instU_2d_asm_Nx: 2d,diurnal,Instantaneous,Single-Level,Assimilation,Single-Level Diagnostics 0.625 x 0.5 degree V5.12.4 (M2IUNXASM) at GES DISC",1247,1686
M2IUNXASM,precipitation,1.0,"MERRA-2 instU_2d_asm_Nx: 2d,diurnal,Instantaneous,Single-Level,Assimilation,Single-Level Diagnostics 0.625 x 0.5 degree V5.12.4 (M2IUNXASM) at GES DISC",1247,1585
SNDRJ1ML2RMSSUP,atmospheric winds,1.0,Sounder SIPS: JPSS-1 ATMS Level 2 RAMSES2 Support V3 (SNDRJ1ML2RMSSUP) at GES DISC,378,1746
SNDRJ1ML2RMSSUP,cloud properties,1.0,Sounder SIPS: JPSS-1 ATMS Level 2 RAMSES2 Support V3 (SNDRJ1ML2RMSSUP) at GES DISC,378,1686
SNDRJ1ML2RMSSUP,clouds,1.0,Sounder SIPS: JPSS-1 ATMS Level 2 RAMSES2 Support V3 (SNDRJ1ML2RMSSUP) at GES DISC,378,1674
SNDRJ1ML2RMSSUP,atmospheric radiation,1.0,Sounder SIPS: JPSS-1 ATMS Level 2 RAMSES2 Support V3 (SNDRJ1ML2RMSSUP) at GES DISC,378,1586
SNDRAQIL3CDCCP,surface winds,1.0,Sounder SIPS: AQUA AIRS IR-only Level 3 CLIMCAPS : Comprehensive Quality Control Gridded Daily V2 (SNDRAQIL3CDCCP) at GES DISC,1239,1749
AIRH3STD,surface winds,1.0,AIRS/Aqua L3 Daily Standard Physical Retrieval (AIRS+AMSU+HSB) 1 degree x 1 degree V006 (AIRH3STD) at GES DISC,888,1749
AIRG2SSD,upper air temperature,1.0,AIRS/Aqua L2G Precipitation Estimate V006 (AIRG2SSD) at GES DISC,1339,1670
ATMS,cloud vertical distribution,1.0,Advanced Technology Microwave Sounder,2158,1712
ML3MBO3,aerosols,1.0,MLS/Aura Level 3 Monthly Binned Ozone (O3) Mixing Ratio on Assorted Grids V005 (ML3MBO3) at GES DISC,1338,1607
TOVSA5NG,heat flux,1.0,TOVS GLA 5 DAY GRIDS from NOAA-10 V01 (TOVSA5NG) at GES DISC,1226,1718
TOVSA5NG,precipitation rate,1.0,TOVS GLA 5 DAY GRIDS from NOAA-10 V01 (TOVSA5NG) at GES DISC,1226,1714
TOVSA5NG,surface pressure,1.0,TOVS GLA 5 DAY GRIDS from NOAA-10 V01 (TOVSA5NG) at GES DISC,1226,1668
MAT3CPCLD_CPR,cloud properties,1.0,"MERRA 3D IAU Diagnostic, Cloud Properties, Time average 3-hourly subsetted along CloudSat track 0.6 x 0.25 degree V5.2.0 (MAT3CPCLD_CPR) at GES DISC",1331,1686
MAT3CPCLD_CPR,clouds,1.0,"MERRA 3D IAU Diagnostic, Cloud Properties, Time average 3-hourly subsetted along CloudSat track 0.6 x 0.25 degree V5.2.0 (MAT3CPCLD_CPR) at GES DISC",1331,1674
GSSTF_F10,surface pressure,1.0,"Goddard Satellite-Based Surface Turbulent Fluxes, 1x1 deg Daily Grid, Satellite F10 V2c (GSSTF_F10) at GES DISC",1195,1668
SNDRSNIML2CCPRET,surface winds,1.0,Sounder SIPS: Suomi NPP CrIMSS Level 2 CLIMCAPS Full Spectral Resolution: Atmosphere cloud and surface geophysical state V2 (SNDRSNIML2CCPRET) at GES DISC,1192,1749
M2TMNXOCN,surface winds,1.0,"MERRA-2 tavgM_2d_ocn_Nx: 2d,Monthly mean,Time-Averaged,Single-Level,Assimilation,Ocean Surface Diagnostics 0.625 x 0.5 degree V5.12.4 (M2TMNXOCN) at GES DISC",1179,1749
AIRX2RET,surface winds,1.0,Aqua/AIRS  L2 Standard Physical Retrieval (AIRS+AMSU) V7.0 at GES DISC,523,1749
AIRX2RET,humidity,1.0,Aqua/AIRS  L2 Standard Physical Retrieval (AIRS+AMSU) V7.0 at GES DISC,523,1672
TOVSBMND,total precipitable water,1.0,TOVS LMD MONTHLY GRIDS from NOAA-12 V01 (TOVSBMND) at GES DISC,1174,1685
TOVSBMND,air temperature,1.0,TOVS LMD MONTHLY GRIDS from NOAA-12 V01 (TOVSBMND) at GES DISC,1174,1680
FLDAS_NOAH01_C_GL_MA,oxygen compounds,1.0,FLDAS Noah Land Surface Model L4 Global Monthly Anomaly 0.1 x 0.1 degree (MERRA-2 and CHIRPS) V001 (FLDAS_NOAH01_C_GL_MA) at GES DISC,933,1633
M2I3NVGAS,clouds,1.0,"MERRA-2 inst3_3d_gas_Nv: 3d,3-Hourly,Instantaneous,Model-Level,Assimilation,Aerosol Mixing Ratio Analysis Increments 0.625 x 0.5 degree V5.12.4 (M2I3NVGAS) at GES DISC",1171,1674
M2IUNXINT,cloud properties,1.0,"MERRA-2 instU_2d_int_Nx: 2d,diurnal,Instantaneous,Single-Level,Assimilation,Vertically Integrated Diagnostics 0.625 x 0.5 degree V5.12.4 (M2IUNXINT) at GES DISC",1163,1686
M2IUNXINT,upper air temperature,1.0,"MERRA-2 instU_2d_int_Nx: 2d,diurnal,Instantaneous,Single-Level,Assimilation,Vertically Integrated Diagnostics 0.625 x 0.5 degree V5.12.4 (M2IUNXINT) at GES DISC",1163,1670
M2IUNXINT,precipitation,1.0,"MERRA-2 instU_2d_int_Nx: 2d,diurnal,Instantaneous,Single-Level,Assimilation,Vertically Integrated Diagnostics 0.625 x 0.5 degree V5.12.4 (M2IUNXINT) at GES DISC",1163,1585
TOVSAMNE,heat flux,1.0,TOVS GLA MONTHLY GRIDS from NOAA-8 02 (TOVSAMNE) at GES DISC,922,1718
SNDRSNML3MRMS,cloud properties,1.0,Sounder SIPS: Suomi NPP ATMS Level 3 RAMSES2 Standard Gridded Monthly V3 at GES DISC,1155,1686
SNDRSNML3MRMS,total precipitable water,1.0,Sounder SIPS: Suomi NPP ATMS Level 3 RAMSES2 Standard Gridded Monthly V3 at GES DISC,1155,1685
SNDRSNML3MRMS,clouds,1.0,Sounder SIPS: Suomi NPP ATMS Level 3 RAMSES2 Standard Gridded Monthly V3 at GES DISC,1155,1674
SNDRSNML3MRMS,water vapor,1.0,Sounder SIPS: Suomi NPP ATMS Level 3 RAMSES2 Standard Gridded Monthly V3 at GES DISC,1155,1630
TOVSAMND,surface winds,1.0,TOVS GLA MONTHLY GRIDS from NOAA-12 02 (TOVSAMND) at GES DISCc,504,1749
TOVSAMND,atmospheric winds,1.0,TOVS GLA MONTHLY GRIDS from NOAA-12 02 (TOVSAMND) at GES DISCc,504,1746
TOVSAMND,heat flux,1.0,TOVS GLA MONTHLY GRIDS from NOAA-12 02 (TOVSAMND) at GES DISCc,504,1718
AIRH3SPM,surface winds,1.0,AIRS/Aqua L3 Monthly Support Product (AIRS+AMSU+HSB) 1 degree x 1 degree V006 (AIRH3SPM) at GES DISC,912,1749
TOVSADNG,surface winds,1.0,TOVS GLA DAILY GRIDS from NOAA-10 V01 (TOVSADNG) at GES DISC,1144,1749
TOVSADNG,atmospheric winds,1.0,TOVS GLA DAILY GRIDS from NOAA-10 V01 (TOVSADNG) at GES DISC,1144,1746
TOVSADNG,heat flux,1.0,TOVS GLA DAILY GRIDS from NOAA-10 V01 (TOVSADNG) at GES DISC,1144,1718
GSSTFYC,surface pressure,1.0,"Goddard Satellite-Based Surface Turbulent Fluxes, 1x1 deg Yearly Climatology, Set1 and NCEP V2c (GSSTFYC) at GES DISC",907,1668
MAM05S0,clouds,1.0,MODIS/Aqua Total Precip Water Vapor 1km and 5km 5-Min L2 Swath Subset along MLS V002 (MAM05S0) at GES DISC,1136,1674
TOVSADNF,surface winds,1.0,TOVS GLA DAILY GRIDS from NOAA-9 V01 (TOVSADNF) at GES DISC,1037,1749
TOVSADNF,atmospheric winds,1.0,TOVS GLA DAILY GRIDS from NOAA-9 V01 (TOVSADNF) at GES DISC,1037,1746
TOVSADNF,longwave radiation,1.0,TOVS GLA DAILY GRIDS from NOAA-9 V01 (TOVSADNF) at GES DISC,1037,1719
TOVSADNF,heat flux,1.0,TOVS GLA DAILY GRIDS from NOAA-9 V01 (TOVSADNF) at GES DISC,1037,1718
TOVSADNF,surface pressure,1.0,TOVS GLA DAILY GRIDS from NOAA-9 V01 (TOVSADNF) at GES DISC,1037,1668
SNDRAQIML3SMCCP,surface winds,1.0,Sounder SIPS: AQUA AIRS IR + MW Level 3 CLIMCAPS: Specific Quality Control Gridded Monthly V2 (SNDRAQIML3SMCCP) at GES DISC,1029,1749
GSSTFSC,surface pressure,1.0,"Goddard Satellite-Based Surface Turbulent Fluxes, 1x1 deg Seasonal Climatology, Set1 and NCEP V2c (GSSTFSC) at GES DISC",477,1668
GSSTF_F15,surface pressure,1.0,"Goddard Satellite-Based Surface Turbulent Fluxes, 0.25 x 0.25 deg, Daily Grid F15 V3 (GSSTF_F15) at GES DISC",467,1668
GSSTF_F11,surface pressure,1.0,"Goddard Satellite-Based Surface Turbulent Fluxes, 1x1 deg Daily Grid, Satellite F11 V2c (GSSTF_F11) at GES DISC",347,1668
AIRH3SP8,surface winds,1.0,AIRS/Aqua L3 8-day Support Multiday Product (AIRS+AMSU+HSB) 1 degree x 1 degree V006 (AIRH3SP8) at GES DISC,989,1749
TOVSA5NF,atmospheric winds,1.0,TOVS GLA 5 DAY GRIDS from NOAA-9 V01 (TOVSA5NF) at GES DISC,987,1746
TOVSA5NF,specific humidity,1.0,TOVS GLA 5 DAY GRIDS from NOAA-9 V01 (TOVSA5NF) at GES DISC,987,1745
TOVSA5NF,precipitation rate,1.0,TOVS GLA 5 DAY GRIDS from NOAA-9 V01 (TOVSA5NF) at GES DISC,987,1714
AIRH3ST8,surface winds,1.0,AIRS/Aqua L3 8-day Standard Physical Retrieval (AIRS+AMSU+HSB) 1 degree x 1 degree V006 (AIRH3ST8) at GES DISC,334,1749
TOVSAMNF,surface winds,1.0,TOVS GLA MONTHLY GRIDS from NOAA-9 02 (TOVSAMNF) at GES DISC,331,1749
TOVSAMNF,atmospheric winds,1.0,TOVS GLA MONTHLY GRIDS from NOAA-9 02 (TOVSAMNF) at GES DISC,331,1746
TOVSAMNF,heat flux,1.0,TOVS GLA MONTHLY GRIDS from NOAA-9 02 (TOVSAMNF) at GES DISC,331,1718
SNDRJ1ML3MRMS,cloud properties,1.0,Sounder SIPS: JPSS-1 ATMS Level 3 RAMSES2 Standard Gridded Monthly V3 at GES DISC,148,1686
SNDRJ1ML3MRMS,total precipitable water,1.0,Sounder SIPS: JPSS-1 ATMS Level 3 RAMSES2 Standard Gridded Monthly V3 at GES DISC,148,1685
SNDRJ1ML3MRMS,clouds,1.0,Sounder SIPS: JPSS-1 ATMS Level 3 RAMSES2 Standard Gridded Monthly V3 at GES DISC,148,1674
SNDRJ1ML3MRMS,water vapor,1.0,Sounder SIPS: JPSS-1 ATMS Level 3 RAMSES2 Standard Gridded Monthly V3 at GES DISC,148,1630
MAC05S1,clouds,1.0,MODIS/Aqua Total Precip Water Vapor 1km and 5km 5-Min L2 Wide Swath Subset along CloudSat V002 (MAC05S1) at GES DISC,146,1674
TOVSBDNG,total precipitable water,1.0,TOVS LMD DAILY GRIDS from NOAA-10 V01 (TOVSBDNG) at GES DISC,584,1685
TOVSBDNG,air temperature,1.0,TOVS LMD DAILY GRIDS from NOAA-10 V01 (TOVSBDNG) at GES DISC,584,1680
SNDRAQIL2CCPRET,surface winds,1.0,"Sounder SIPS: AQUA AIRS IR-only Level 2 CLIMCAPS : Atmosphere, cloud and surface geophysical state V2 (SNDRAQIL2CCPRET) at GES DISC",323,1749
MAC05S0,clouds,1.0,MODIS/Aqua Total Precip Water Vapor 1km and 5km 5-Min L2 Narrow Swath Subset along CloudSat V002 (MAC05S0) at GES DISC,140,1674
GSSTF_F14,surface pressure,1.0,"Goddard Satellite-Based Surface Turbulent Fluxes, 0.25 x 0.25 deg, Daily Grid F14 V3 (GSSTF_F14) at GES DISC",138,1668
GSSTFMC,surface pressure,1.0,"Goddard Satellite-Based Surface Turbulent Fluxes, 1x1 deg Monthly Climatology, Set1 and NCEP V2c (GSSTFMC) at GES DISC",575,1668
SNDRSNML2RMSSUP,atmospheric winds,1.0,Sounder SIPS: Suomi NPP ATMS Level 2 RAMSES2 Support V3 (SNDRSNML2RMSSUP) at GES DISC,567,1746
SNDRSNML2RMSSUP,cloud properties,1.0,Sounder SIPS: Suomi NPP ATMS Level 2 RAMSES2 Support V3 (SNDRSNML2RMSSUP) at GES DISC,567,1686
SNDRSNML2RMSSUP,clouds,1.0,Sounder SIPS: Suomi NPP ATMS Level 2 RAMSES2 Support V3 (SNDRSNML2RMSSUP) at GES DISC,567,1674
SNDRSNML2RMSSUP,atmospheric radiation,1.0,Sounder SIPS: Suomi NPP ATMS Level 2 RAMSES2 Support V3 (SNDRSNML2RMSSUP) at GES DISC,567,1586
SNDRAQIL3SDCCP,surface winds,1.0,Sounder SIPS: AQUA AIRS IR-only Level 3 CLIMCAPS: Specific Quality Control Gridded Daily V2 (SNDRAQIL3SDCCP) at GES DISC,566,1749
AIRX3STD,surface winds,1.0,Aqua/AIRS L3 Daily Standard Physical Retrieval (AIRS+AMSU) 1 degree x 1 degree V7.0 at GES DISC,129,1749
SNDRAQIL3CMCCP,surface winds,1.0,Sounder SIPS: AQUA AIRS IR-only Level 3 CLIMCAPS: Comprehensive Quality Control Gridded Monthly V2 (SNDRAQIL3CMCCP) at GES DISC,128,1749
AIRG2SSD_IRonly,upper air temperature,1.0,AIRS/Aqua L2G Precipitation Estimate (AIRS-only) V7.0 at GES DISC,562,1670
M2I3NVAER,water vapor,1.0,"MERRA-2 inst3_3d_aer_Nv: 3d,3-Hourly,Instantaneous,Model-Level,Assimilation,Aerosol Mixing Ratio 0.625 x 0.5 degree V5.12.4 (M2I3NVAER) at GES DISC",127,1630
SNDRAQIML2CCPRET,surface winds,1.0,"Sounder SIPS: AQUA AIRS IR + MW Level 2 CLIMCAPS: Atmosphere, cloud and surface geophysical state V2 (SNDRAQIML2CCPRET) at GES DISC",561,1749
SNDRAQIML2CCPRET,surface pressure,1.0,"Sounder SIPS: AQUA AIRS IR + MW Level 2 CLIMCAPS: Atmosphere, cloud and surface geophysical state V2 (SNDRAQIML2CCPRET) at GES DISC",561,1668
SNDRAQIML2CCPRET,atmospheric pressure,1.0,"Sounder SIPS: AQUA AIRS IR + MW Level 2 CLIMCAPS: Atmosphere, cloud and surface geophysical state V2 (SNDRAQIML2CCPRET) at GES DISC",561,1665
AIRH3SPD,surface winds,1.0,Aqua/AIRS L3 Daily Support Daily Product (AIRS+AMSU+HSB) 1 degree x 1 degree V7.0 at GES DISC,301,1749
TOVSA5TN,heat flux,1.0,TOVS GLA 5 DAY GRIDS from TIROSN V01 (TOVSA5TN ) at GES DISC,542,1718
TOVSA5TN,precipitation rate,1.0,TOVS GLA 5 DAY GRIDS from TIROSN V01 (TOVSA5TN ) at GES DISC,542,1714
TOVSA5TN,surface pressure,1.0,TOVS GLA 5 DAY GRIDS from TIROSN V01 (TOVSA5TN ) at GES DISC,542,1668
TRMM_2B31,upper air temperature,1.0,TRMM Combined Precipitation Radar and Microwave Imager Rainfall Profile L2 1.5 hours V7 (TRMM_2B31) at GES DISC,282,1670
M2IMNXASM,cloud properties,1.0,"MERRA-2 instM_2d_asm_Nx: 2d,Monthly mean,Single-Level,Assimilation,Single-Level Diagnostics 0.625 x 0.5 degree V5.12.4 (M2IMNXASM) at GES DISC",532,1686
M2IMNXASM,precipitation,1.0,"MERRA-2 instM_2d_asm_Nx: 2d,Monthly mean,Single-Level,Assimilation,Single-Level Diagnostics 0.625 x 0.5 degree V5.12.4 (M2IMNXASM) at GES DISC",532,1585
AIRX2SUP,surface winds,1.0,AIRS/Aqua L2 Support Retrieval (AIRS+AMSU) V006 (AIRX2SUP) at GES DISC,277,1749
GSSTFM,surface pressure,1.0,"Goddard Satellite-Based Surface Turbulent Fluxes, 1x1 deg Monthly Grid, Set1 and Interpolated Data V2c (GSSTFM) at GES DISC",274,1668
SNDRSNML2RMS,surface winds,1.0,"Sounder SIPS: Suomi NPP ATMS Level 2 RAMSES2 Standard: Atmosphere, precipitation and surface geophysical state,  V3 (SNDRSNML2RMS ) at GES DISC",526,1749
SNDRAQIML3SDCCP,surface winds,1.0,Sounder SIPS: AQUA AIRS IR MW Level 3 CLIMCAPS : Specific Quality Control Gridded Daily V2 (SNDRAQIML3SDCCP) at GES DISC,272,1749
FLDAS_NOAH01_CP_GL_M,cloud top pressure,1.0,FLDAS Noah Land Surface Model L4 Global Monthly 0.1 x 0.1 degree (GDAS and CHIRPS-PRELIM) V001 (FLDAS_NOAH01_CP_GL_M) at GES DISC,96,1688
AIRX3STM,surface winds,1.0,AIRS/Aqua L3 Monthly Standard Physical Retrieval (AIRS+AMSU) 1 degree x 1 degree V006 (AIRX3STM) at GES DISC,671,1749
AIRH3STM,surface winds,1.0,Aqua/AIRS L3 Monthly Standard Physical Retrieval (AIRS+AMSU+HSB) 1 degree x 1 degree V7.0 at GES DISC,267,1749
AIRX3SPM,surface winds,1.0,Aqua/AIRS L3 Monthly Support Product (AIRS+AMSU) 1 degree x 1 degree V7.0 at GES DISC,92,1749
ML3DZO3,aerosols,1.0,MLS/Aura Level 3 Daily Binned Ozone (O3) Mixing Ratio on Zonal and Similar Grids V005 (ML3DZO3) at GES DISC,91,1607
TOVSB5NG,total precipitable water,1.0,TOVS LMD 5 DAY GRIDS from NOAA-10 V01 (TOVSB5NG) at GES DISC,665,1685
TOVSB5NG,air temperature,1.0,TOVS LMD 5 DAY GRIDS from NOAA-10 V01 (TOVSB5NG) at GES DISC,665,1680
SNDRJ1ML3DRMS,cloud properties,1.0,Sounder SIPS: JPSS-1 ATMS Level 3 RAMSES2 Standard Gridded Daily V3 at GES DISC,1120,1686
SNDRJ1ML3DRMS,total precipitable water,1.0,Sounder SIPS: JPSS-1 ATMS Level 3 RAMSES2 Standard Gridded Daily V3 at GES DISC,1120,1685
SNDRJ1ML3DRMS,clouds,1.0,Sounder SIPS: JPSS-1 ATMS Level 3 RAMSES2 Standard Gridded Daily V3 at GES DISC,1120,1674
SNDRJ1ML3DRMS,water vapor,1.0,Sounder SIPS: JPSS-1 ATMS Level 3 RAMSES2 Standard Gridded Daily V3 at GES DISC,1120,1630
GSSTF_F13,surface pressure,1.0,"Goddard Satellite-Based Surface Turbulent Fluxes, 1x1 deg Daily Grid, Satellite F13 V2c (GSSTF_F13) at GES DISC",256,1668
NCALDAS_NOAH0125_Trends,air quality,1.0,NCA-LDAS Noah-3.3 Land Surface Model L4 Trends 0.125 x 0.125 degree V2.0 (NCALDAS_NOAH0125_Trends) at GES DISC,1119,1615
GSSTF_NCEP,surface pressure,1.0,"NCEP/DOE Reanalysis II, for GSSTF, 0.25 x 0.25 deg, Daily Grid V3 (GSSTF_NCEP) at GES DISC",82,1668
GSSTF_NCEP,oxygen compounds,1.0,"NCEP/DOE Reanalysis II, for GSSTF, 0.25 x 0.25 deg, Daily Grid V3 (GSSTF_NCEP) at GES DISC",82,1633
AIRX3ST8,surface winds,1.0,AIRS/Aqua L3 8-day Standard Physical Retrieval (AIRS+AMSU) 1 degree x 1 degree V006 (AIRX3ST8) at GES DISC,1111,1749
AIRS3SP8,surface winds,1.0,AIRS/Aqua L3 8-day Support Product (AIRS-only) 1 degree X 1 degree V006 (AIRS3SP8) at GES DISC,650,1749
AIRX3SPD,surface winds,1.0,AIRS/Aqua L3 Daily Support Product (AIRS+AMSU) 1 degree x 1 degree V006 (AIRX3SPD) at GES DISC,648,1749
M2IMNXINT,cloud properties,1.0,"MERRA-2 instM_2d_int_Nx: 2d,Monthly mean,Instantaneous,Single-Level,Assimilation,Vertically Integrated Diagnostics 0.625 x 0.5 degree V5.12.4 (M2IMNXINT) at GES DISC",646,1686
M2IMNXINT,upper air temperature,1.0,"MERRA-2 instM_2d_int_Nx: 2d,Monthly mean,Instantaneous,Single-Level,Assimilation,Vertically Integrated Diagnostics 0.625 x 0.5 degree V5.12.4 (M2IMNXINT) at GES DISC",646,1670
M2IMNXINT,precipitation,1.0,"MERRA-2 instM_2d_int_Nx: 2d,Monthly mean,Instantaneous,Single-Level,Assimilation,Vertically Integrated Diagnostics 0.625 x 0.5 degree V5.12.4 (M2IMNXINT) at GES DISC",646,1585
ML2O3,aerosols,1.0,MLS/Aura Level 2 Ozone (O3) Mixing Ratio V005 (ML2O3) at GES DISC,643,1607
ML2O3_NRT,aerosols,1.0,MLS/Aura Near-Real-Time L2 Ozone (O3) Mixing Ratio V004 (ML2O3_NRT) at GES DISC,1349,1607
MATMCPODT,surface pressure,0.99,"tavgM_3d_odt_Cp: MERRA 3D IAU Tendency, Ozone, Monthly Mean  1.25 x 1.25 degree V5.2.0 (MATMCPODT) at GES DISC",1353,1668
SNDRSNIML3SDCCP,water vapor,0.99,Sounder SIPS: Suomi NPP CrIMSS Level 3 Specific Quality Control Gridded Daily CLIMCAPS Full Spectral Resolution V2 (SNDRSNIML3SDCCP) at GES DISC,752,1630
SNDRSNIML3SDCCP,soil moisture/water content,0.99,Sounder SIPS: Suomi NPP CrIMSS Level 3 Specific Quality Control Gridded Daily CLIMCAPS Full Spectral Resolution V2 (SNDRSNIML3SDCCP) at GES DISC,752,1626
SNDRSNIML3SDCCP,soils,0.99,Sounder SIPS: Suomi NPP CrIMSS Level 3 Specific Quality Control Gridded Daily CLIMCAPS Full Spectral Resolution V2 (SNDRSNIML3SDCCP) at GES DISC,752,1625
SNDRSNIML3SDCCP,surface winds,0.99,Sounder SIPS: Suomi NPP CrIMSS Level 3 Specific Quality Control Gridded Daily CLIMCAPS Full Spectral Resolution V2 (SNDRSNIML3SDCCP) at GES DISC,752,1749
SNDRSNIML3SDCCP,atmospheric winds,0.99,Sounder SIPS: Suomi NPP CrIMSS Level 3 Specific Quality Control Gridded Daily CLIMCAPS Full Spectral Resolution V2 (SNDRSNIML3SDCCP) at GES DISC,752,1746
SNDRSNIML3SDCCP,water vapor processes,0.99,Sounder SIPS: Suomi NPP CrIMSS Level 3 Specific Quality Control Gridded Daily CLIMCAPS Full Spectral Resolution V2 (SNDRSNIML3SDCCP) at GES DISC,752,1722
SNDRSNIML3SDCCP,longwave radiation,0.99,Sounder SIPS: Suomi NPP CrIMSS Level 3 Specific Quality Control Gridded Daily CLIMCAPS Full Spectral Resolution V2 (SNDRSNIML3SDCCP) at GES DISC,752,1719
AIRS,atmospheric water vapor,0.99,Atmospheric Infrared Sounder,2171,1584
SNDRSNIML3SDCCP,heat flux,0.99,Sounder SIPS: Suomi NPP CrIMSS Level 3 Specific Quality Control Gridded Daily CLIMCAPS Full Spectral Resolution V2 (SNDRSNIML3SDCCP) at GES DISC,752,1718
SNDRSNIML3SMCCPN,surface winds,0.99,Sounder SIPS: Suomi NPP CrIMSS Level 3 Specific Quality Control Gridded Monthly CLIMCAPS Normal Spectral Resolution V2 (SNDRSNIML3SMCCPN) at GES DISC,1358,1749
SNDRSNIML3SMCCPN,atmospheric winds,0.99,Sounder SIPS: Suomi NPP CrIMSS Level 3 Specific Quality Control Gridded Monthly CLIMCAPS Normal Spectral Resolution V2 (SNDRSNIML3SMCCPN) at GES DISC,1358,1746
SNDRSNIML3SMCCPN,water vapor processes,0.99,Sounder SIPS: Suomi NPP CrIMSS Level 3 Specific Quality Control Gridded Monthly CLIMCAPS Normal Spectral Resolution V2 (SNDRSNIML3SMCCPN) at GES DISC,1358,1722
SNDRSNIML3SMCCPN,longwave radiation,0.99,Sounder SIPS: Suomi NPP CrIMSS Level 3 Specific Quality Control Gridded Monthly CLIMCAPS Normal Spectral Resolution V2 (SNDRSNIML3SMCCPN) at GES DISC,1358,1719
SNDRSNIML3SMCCPN,heat flux,0.99,Sounder SIPS: Suomi NPP CrIMSS Level 3 Specific Quality Control Gridded Monthly CLIMCAPS Normal Spectral Resolution V2 (SNDRSNIML3SMCCPN) at GES DISC,1358,1718
SNDRSNIML3SMCCPN,water vapor,0.99,Sounder SIPS: Suomi NPP CrIMSS Level 3 Specific Quality Control Gridded Monthly CLIMCAPS Normal Spectral Resolution V2 (SNDRSNIML3SMCCPN) at GES DISC,1358,1630
SNDRSNIML3SMCCPN,soil moisture/water content,0.99,Sounder SIPS: Suomi NPP CrIMSS Level 3 Specific Quality Control Gridded Monthly CLIMCAPS Normal Spectral Resolution V2 (SNDRSNIML3SMCCPN) at GES DISC,1358,1626
SNDRSNIML3SMCCPN,soils,0.99,Sounder SIPS: Suomi NPP CrIMSS Level 3 Specific Quality Control Gridded Monthly CLIMCAPS Normal Spectral Resolution V2 (SNDRSNIML3SMCCPN) at GES DISC,1358,1625
SNDRAQIML3CMCCP,atmospheric winds,0.99,Sounder SIPS: AQUA AIRS IR + MW Level 3 CLIMCAPS : Comprehensive Quality Control Gridded Monthly V2 (SNDRAQIML3CMCCP) at GES DISC,772,1746
SNDRAQIML3CMCCP,water vapor processes,0.99,Sounder SIPS: AQUA AIRS IR + MW Level 3 CLIMCAPS : Comprehensive Quality Control Gridded Monthly V2 (SNDRAQIML3CMCCP) at GES DISC,772,1722
SNDRAQIML3CMCCP,longwave radiation,0.99,Sounder SIPS: AQUA AIRS IR + MW Level 3 CLIMCAPS : Comprehensive Quality Control Gridded Monthly V2 (SNDRAQIML3CMCCP) at GES DISC,772,1719
SNDRAQIML3CMCCP,heat flux,0.99,Sounder SIPS: AQUA AIRS IR + MW Level 3 CLIMCAPS : Comprehensive Quality Control Gridded Monthly V2 (SNDRAQIML3CMCCP) at GES DISC,772,1718
SNDRAQIML3CMCCP,humidity,0.99,Sounder SIPS: AQUA AIRS IR + MW Level 3 CLIMCAPS : Comprehensive Quality Control Gridded Monthly V2 (SNDRAQIML3CMCCP) at GES DISC,772,1672
SNDRAQIML3CMCCP,water vapor,0.99,Sounder SIPS: AQUA AIRS IR + MW Level 3 CLIMCAPS : Comprehensive Quality Control Gridded Monthly V2 (SNDRAQIML3CMCCP) at GES DISC,772,1630
SNDRAQIML3CMCCP,soil moisture/water content,0.99,Sounder SIPS: AQUA AIRS IR + MW Level 3 CLIMCAPS : Comprehensive Quality Control Gridded Monthly V2 (SNDRAQIML3CMCCP) at GES DISC,772,1626
SNDRAQIML3CMCCP,soils,0.99,Sounder SIPS: AQUA AIRS IR + MW Level 3 CLIMCAPS : Comprehensive Quality Control Gridded Monthly V2 (SNDRAQIML3CMCCP) at GES DISC,772,1625
MATUFXCHM,surface pressure,0.99,"tavgU_2d_chm_Fx: MERRA Chem 2D IAU Diagnostics, Fluxes and Meteorology, Diurnal  1.25 x 1 degree V5.2.0 (MATUFXCHM) at GES DISC",1386,1668
MATUFXCHM,atmospheric pressure,0.99,"tavgU_2d_chm_Fx: MERRA Chem 2D IAU Diagnostics, Fluxes and Meteorology, Diurnal  1.25 x 1 degree V5.2.0 (MATUFXCHM) at GES DISC",1386,1665
OMDOAO3e,aerosols,0.99,OMI/Aura Ozone (O3) DOAS Total Column Daily L3 1 day 0.25 degree x 0.25 degree V3 (OMDOAO3e) at GES DISC,1381,1607
M2T1NXINT,humidity,0.99,"MERRA-2 tavg1_2d_int_Nx: 2d,1-Hourly,Time-Averaged,Single-Level,Assimilation,Vertically Integrated Diagnostics 0.625 x 0.5 degree V5.12.4 (M2T1NXINT) at GES DISC",767,1672
M2T1NXINT,surface pressure,0.99,"MERRA-2 tavg1_2d_int_Nx: 2d,1-Hourly,Time-Averaged,Single-Level,Assimilation,Vertically Integrated Diagnostics 0.625 x 0.5 degree V5.12.4 (M2T1NXINT) at GES DISC",767,1668
M2T1NXINT,atmospheric pressure,0.99,"MERRA-2 tavg1_2d_int_Nx: 2d,1-Hourly,Time-Averaged,Single-Level,Assimilation,Vertically Integrated Diagnostics 0.625 x 0.5 degree V5.12.4 (M2T1NXINT) at GES DISC",767,1665
M2T1NXINT,skin temperature,0.99,"MERRA-2 tavg1_2d_int_Nx: 2d,1-Hourly,Time-Averaged,Single-Level,Assimilation,Vertically Integrated Diagnostics 0.625 x 0.5 degree V5.12.4 (M2T1NXINT) at GES DISC",767,1628
M2TMNXFLX,cloud liquid water/ice,0.99,"MERRA-2 tavgM_2d_flx_Nx: 2d,Monthly mean,Time-Averaged,Single-Level,Assimilation,Surface Flux Diagnostics 0.625 x 0.5 degree V5.12.4 (M2TMNXFLX) at GES DISC",763,1709
M2TMNXFLX,cloud microphysics,0.99,"MERRA-2 tavgM_2d_flx_Nx: 2d,Monthly mean,Time-Averaged,Single-Level,Assimilation,Surface Flux Diagnostics 0.625 x 0.5 degree V5.12.4 (M2TMNXFLX) at GES DISC",763,1707
SNDRSNIML3SMCCP,surface winds,0.99,Sounder SIPS: Suomi NPP CrIMSS Level 3 Specific Quality Control Gridded Monthly CLIMCAPS Full Spectral Resolution V2 (SNDRSNIML3SMCCP) at GES DISC,1372,1749
SNDRSNIML3SMCCP,atmospheric winds,0.99,Sounder SIPS: Suomi NPP CrIMSS Level 3 Specific Quality Control Gridded Monthly CLIMCAPS Full Spectral Resolution V2 (SNDRSNIML3SMCCP) at GES DISC,1372,1746
SNDRSNIML3SMCCP,water vapor processes,0.99,Sounder SIPS: Suomi NPP CrIMSS Level 3 Specific Quality Control Gridded Monthly CLIMCAPS Full Spectral Resolution V2 (SNDRSNIML3SMCCP) at GES DISC,1372,1722
GSSTFM_NCEP,layered precipitable water,0.99,"NCEP/DOE Reanalysis II in HDF-EOS5, for GSSTF2c, 1x1 deg Monthly grid V2c (GSSTFM_NCEP) at GES DISC",777,1684
GSSTFM_NCEP,outgoing longwave radiation,0.99,"NCEP/DOE Reanalysis II in HDF-EOS5, for GSSTF2c, 1x1 deg Monthly grid V2c (GSSTFM_NCEP) at GES DISC",777,1679
GSSTFM_NCEP,water vapor profiles,0.99,"NCEP/DOE Reanalysis II in HDF-EOS5, for GSSTF2c, 1x1 deg Monthly grid V2c (GSSTFM_NCEP) at GES DISC",777,1673
SNDRSNIML3SMCCP,longwave radiation,0.99,Sounder SIPS: Suomi NPP CrIMSS Level 3 Specific Quality Control Gridded Monthly CLIMCAPS Full Spectral Resolution V2 (SNDRSNIML3SMCCP) at GES DISC,1372,1719
GSSTFM_NCEP,atmospheric ozone,0.99,"NCEP/DOE Reanalysis II in HDF-EOS5, for GSSTF2c, 1x1 deg Monthly grid V2c (GSSTFM_NCEP) at GES DISC",777,1634
SNDRSNIML3SMCCP,heat flux,0.99,Sounder SIPS: Suomi NPP CrIMSS Level 3 Specific Quality Control Gridded Monthly CLIMCAPS Full Spectral Resolution V2 (SNDRSNIML3SMCCP) at GES DISC,1372,1718
GSSTFM_NCEP,surface thermal properties,0.99,"NCEP/DOE Reanalysis II in HDF-EOS5, for GSSTF2c, 1x1 deg Monthly grid V2c (GSSTFM_NCEP) at GES DISC",777,1627
SNDRSNIML3SMCCP,water vapor,0.99,Sounder SIPS: Suomi NPP CrIMSS Level 3 Specific Quality Control Gridded Monthly CLIMCAPS Full Spectral Resolution V2 (SNDRSNIML3SMCCP) at GES DISC,1372,1630
SNDRAQIML3CDCCP,atmospheric winds,0.99,Sounder SIPS: AQUA AIRS IR + MW Level 3 CLIMCAPS : Comprehensive Quality Control Gridded Daily V2 (SNDRAQIML3CDCCP) at GES DISC,1394,1746
SNDRAQIML3CDCCP,water vapor processes,0.99,Sounder SIPS: AQUA AIRS IR + MW Level 3 CLIMCAPS : Comprehensive Quality Control Gridded Daily V2 (SNDRAQIML3CDCCP) at GES DISC,1394,1722
SNDRAQIML3CDCCP,longwave radiation,0.99,Sounder SIPS: AQUA AIRS IR + MW Level 3 CLIMCAPS : Comprehensive Quality Control Gridded Daily V2 (SNDRAQIML3CDCCP) at GES DISC,1394,1719
SNDRAQIML3CDCCP,heat flux,0.99,Sounder SIPS: AQUA AIRS IR + MW Level 3 CLIMCAPS : Comprehensive Quality Control Gridded Daily V2 (SNDRAQIML3CDCCP) at GES DISC,1394,1718
SNDRAQIML3CDCCP,humidity,0.99,Sounder SIPS: AQUA AIRS IR + MW Level 3 CLIMCAPS : Comprehensive Quality Control Gridded Daily V2 (SNDRAQIML3CDCCP) at GES DISC,1394,1672
SNDRAQIML3CDCCP,water vapor,0.99,Sounder SIPS: AQUA AIRS IR + MW Level 3 CLIMCAPS : Comprehensive Quality Control Gridded Daily V2 (SNDRAQIML3CDCCP) at GES DISC,1394,1630
SNDRAQIML3CDCCP,soil moisture/water content,0.99,Sounder SIPS: AQUA AIRS IR + MW Level 3 CLIMCAPS : Comprehensive Quality Control Gridded Daily V2 (SNDRAQIML3CDCCP) at GES DISC,1394,1626
SNDRAQIML3CDCCP,soils,0.99,Sounder SIPS: AQUA AIRS IR + MW Level 3 CLIMCAPS : Comprehensive Quality Control Gridded Daily V2 (SNDRAQIML3CDCCP) at GES DISC,1394,1625
SNDRJ1IML2CCPRET,surface winds,0.99,Sounder SIPS: JPSS-1 CrIS Level 2 CLIMCAPS: Atmosphere cloud and surface geophysical state V2 (SNDRJ1IML2CCPRET) at GES DISC,776,1749
SNDRJ1IML2CCPRET,atmospheric winds,0.99,Sounder SIPS: JPSS-1 CrIS Level 2 CLIMCAPS: Atmosphere cloud and surface geophysical state V2 (SNDRJ1IML2CCPRET) at GES DISC,776,1746
SNDRJ1IML2CCPRET,water vapor processes,0.99,Sounder SIPS: JPSS-1 CrIS Level 2 CLIMCAPS: Atmosphere cloud and surface geophysical state V2 (SNDRJ1IML2CCPRET) at GES DISC,776,1722
SNDRJ1IML2CCPRET,longwave radiation,0.99,Sounder SIPS: JPSS-1 CrIS Level 2 CLIMCAPS: Atmosphere cloud and surface geophysical state V2 (SNDRJ1IML2CCPRET) at GES DISC,776,1719
SNDRJ1IML2CCPRET,heat flux,0.99,Sounder SIPS: JPSS-1 CrIS Level 2 CLIMCAPS: Atmosphere cloud and surface geophysical state V2 (SNDRJ1IML2CCPRET) at GES DISC,776,1718
SNDRJ1IML2CCPRET,water vapor,0.99,Sounder SIPS: JPSS-1 CrIS Level 2 CLIMCAPS: Atmosphere cloud and surface geophysical state V2 (SNDRJ1IML2CCPRET) at GES DISC,776,1630
SNDRJ1IML2CCPRET,soil moisture/water content,0.99,Sounder SIPS: JPSS-1 CrIS Level 2 CLIMCAPS: Atmosphere cloud and surface geophysical state V2 (SNDRJ1IML2CCPRET) at GES DISC,776,1626
SNDRJ1IML2CCPRET,soils,0.99,Sounder SIPS: JPSS-1 CrIS Level 2 CLIMCAPS: Atmosphere cloud and surface geophysical state V2 (SNDRJ1IML2CCPRET) at GES DISC,776,1625
SNDRSNIML3SMCCP,soil moisture/water content,0.99,Sounder SIPS: Suomi NPP CrIMSS Level 3 Specific Quality Control Gridded Monthly CLIMCAPS Full Spectral Resolution V2 (SNDRSNIML3SMCCP) at GES DISC,1372,1626
SNDRSNIML3SMCCP,soils,0.99,Sounder SIPS: Suomi NPP CrIMSS Level 3 Specific Quality Control Gridded Monthly CLIMCAPS Full Spectral Resolution V2 (SNDRSNIML3SMCCP) at GES DISC,1372,1625
MAT1NXFLX,surface pressure,0.99,"tavg1_2d_flx_Nx: MERRA 2D IAU Diagnostic, Surface Fluxes, Time Average 1-hourly  0.667 x 0.5 degree V5.2.0 (MAT1NXFLX) at GES DISC",1359,1668
MAT1NXFLX,atmospheric pressure,0.99,"tavg1_2d_flx_Nx: MERRA 2D IAU Diagnostic, Surface Fluxes, Time Average 1-hourly  0.667 x 0.5 degree V5.2.0 (MAT1NXFLX) at GES DISC",1359,1665
AIRS,water vapor indicators,0.99,Atmospheric Infrared Sounder,2171,1629
M2IUNPANA,heat flux,0.99,"MERRA-2 instU_3d_ana_Np: 3d,diurnal,Instantaneous,Pressure-Level,Analysis,Analyzed Meteorological Fields 0.625 x 0.5 degree V5.12.4 (M2IUNPANA) at GES DISC",775,1718
M2TUNXINT,humidity,0.99,"MERRA-2 tavgU_2d_int_Nx: 2d,diurnal,Time-Averaged,Single-Level,Assimilation,Vertically Integrated Diagnostics 0.625 x 0.5 degree V5.12.4 (M2TUNXINT) at GES DISC",1300,1672
M2TUNXINT,surface pressure,0.99,"MERRA-2 tavgU_2d_int_Nx: 2d,diurnal,Time-Averaged,Single-Level,Assimilation,Vertically Integrated Diagnostics 0.625 x 0.5 degree V5.12.4 (M2TUNXINT) at GES DISC",1300,1668
M2TUNXINT,atmospheric pressure,0.99,"MERRA-2 tavgU_2d_int_Nx: 2d,diurnal,Time-Averaged,Single-Level,Assimilation,Vertically Integrated Diagnostics 0.625 x 0.5 degree V5.12.4 (M2TUNXINT) at GES DISC",1300,1665
M2TUNXINT,skin temperature,0.99,"MERRA-2 tavgU_2d_int_Nx: 2d,diurnal,Time-Averaged,Single-Level,Assimilation,Vertically Integrated Diagnostics 0.625 x 0.5 degree V5.12.4 (M2TUNXINT) at GES DISC",1300,1628
MAC0FXCHM,surface pressure,0.99,const_2d_chm_Fx: MERRA 2-D invariants on chemistry grid 1.25 x 1 degree V5.2.0 (MAC0FXCHM) at GES DISC,1298,1668
MAC0FXCHM,atmospheric pressure,0.99,const_2d_chm_Fx: MERRA 2-D invariants on chemistry grid 1.25 x 1 degree V5.2.0 (MAC0FXCHM) at GES DISC,1298,1665
FLDAS_NOAH01_C_GL_M,oceans,0.99,FLDAS Noah Land Surface Model L4 Global Monthly 0.1 x 0.1 degree (MERRA-2 and CHIRPS) V001 (FLDAS_NOAH01_C_GL_M) at GES DISC,1295,1692
FLDAS_NOAH01_C_GL_M,air quality,0.99,FLDAS Noah Land Surface Model L4 Global Monthly 0.1 x 0.1 degree (MERRA-2 and CHIRPS) V001 (FLDAS_NOAH01_C_GL_M) at GES DISC,1295,1615
MATUNXFLX,surface pressure,0.99,"tavgU_2d_flx_Nx: MERRA 2D IAU Diagnostic, Surface Fluxes, Diurnal  0.667 x 0.5 degree V5.2.0 (MATUNXFLX) at GES DISC",853,1668
MATUNXFLX,atmospheric pressure,0.99,"tavgU_2d_flx_Nx: MERRA 2D IAU Diagnostic, Surface Fluxes, Diurnal  0.667 x 0.5 degree V5.2.0 (MATUNXFLX) at GES DISC",853,1665
AIRS2SUP,atmospheric winds,0.99,AIRS/Aqua L2 Support Retrieval (AIRS-only) V006 (AIRS2SUP) at GES DISC,847,1746
AIRS2SUP,longwave radiation,0.99,AIRS/Aqua L2 Support Retrieval (AIRS-only) V006 (AIRS2SUP) at GES DISC,847,1719
AIRS2SUP,heat flux,0.99,AIRS/Aqua L2 Support Retrieval (AIRS-only) V006 (AIRS2SUP) at GES DISC,847,1718
AIRS2SUP,vertical profiles,0.99,AIRS/Aqua L2 Support Retrieval (AIRS-only) V006 (AIRS2SUP) at GES DISC,847,1682
AIRS2SUP,humidity,0.99,AIRS/Aqua L2 Support Retrieval (AIRS-only) V006 (AIRS2SUP) at GES DISC,847,1672
AIRS2SUP,water vapor,0.99,AIRS/Aqua L2 Support Retrieval (AIRS-only) V006 (AIRS2SUP) at GES DISC,847,1630
AIRS2SUP,soil moisture/water content,0.99,AIRS/Aqua L2 Support Retrieval (AIRS-only) V006 (AIRS2SUP) at GES DISC,847,1626
SNDRSNIML3CMCCPN,surface winds,0.99,Sounder SIPS: Suomi NPP CrIMSS Level 3 Comprehensive Quality Control Gridded Monthly CLIMCAPS Normal Spectral Resolution V2 (SNDRSNIML3CMCCPN) at GES DISC,842,1749
SNDRSNIML3CMCCPN,atmospheric winds,0.99,Sounder SIPS: Suomi NPP CrIMSS Level 3 Comprehensive Quality Control Gridded Monthly CLIMCAPS Normal Spectral Resolution V2 (SNDRSNIML3CMCCPN) at GES DISC,842,1746
SNDRSNIML3CMCCPN,water vapor processes,0.99,Sounder SIPS: Suomi NPP CrIMSS Level 3 Comprehensive Quality Control Gridded Monthly CLIMCAPS Normal Spectral Resolution V2 (SNDRSNIML3CMCCPN) at GES DISC,842,1722
SNDRSNIML3CMCCPN,longwave radiation,0.99,Sounder SIPS: Suomi NPP CrIMSS Level 3 Comprehensive Quality Control Gridded Monthly CLIMCAPS Normal Spectral Resolution V2 (SNDRSNIML3CMCCPN) at GES DISC,842,1719
SNDRSNIML3CMCCPN,heat flux,0.99,Sounder SIPS: Suomi NPP CrIMSS Level 3 Comprehensive Quality Control Gridded Monthly CLIMCAPS Normal Spectral Resolution V2 (SNDRSNIML3CMCCPN) at GES DISC,842,1718
SNDRSNIML3CMCCPN,water vapor,0.99,Sounder SIPS: Suomi NPP CrIMSS Level 3 Comprehensive Quality Control Gridded Monthly CLIMCAPS Normal Spectral Resolution V2 (SNDRSNIML3CMCCPN) at GES DISC,842,1630
SNDRSNIML3CMCCPN,soil moisture/water content,0.99,Sounder SIPS: Suomi NPP CrIMSS Level 3 Comprehensive Quality Control Gridded Monthly CLIMCAPS Normal Spectral Resolution V2 (SNDRSNIML3CMCCPN) at GES DISC,842,1626
SNDRSNIML3CMCCPN,soils,0.99,Sounder SIPS: Suomi NPP CrIMSS Level 3 Comprehensive Quality Control Gridded Monthly CLIMCAPS Normal Spectral Resolution V2 (SNDRSNIML3CMCCPN) at GES DISC,842,1625
GSSTF,emissivity,0.99,"Goddard Satellite-Based Surface Turbulent Fluxes, 1x1 deg Daily Grid, Set1 V2c (GSSTF) at GES DISC",841,1716
GSSTF,precipitation rate,0.99,"Goddard Satellite-Based Surface Turbulent Fluxes, 1x1 deg Daily Grid, Set1 V2c (GSSTF) at GES DISC",841,1714
GSSTF,cloud vertical distribution,0.99,"Goddard Satellite-Based Surface Turbulent Fluxes, 1x1 deg Daily Grid, Set1 V2c (GSSTF) at GES DISC",841,1712
GSSTF,cloud microphysics,0.99,"Goddard Satellite-Based Surface Turbulent Fluxes, 1x1 deg Daily Grid, Set1 V2c (GSSTF) at GES DISC",841,1707
GSSTF,tropopause,0.99,"Goddard Satellite-Based Surface Turbulent Fluxes, 1x1 deg Daily Grid, Set1 V2c (GSSTF) at GES DISC",841,1706
GSSTF,cloud top temperature,0.99,"Goddard Satellite-Based Surface Turbulent Fluxes, 1x1 deg Daily Grid, Set1 V2c (GSSTF) at GES DISC",841,1689
GSSTF,cloud top pressure,0.99,"Goddard Satellite-Based Surface Turbulent Fluxes, 1x1 deg Daily Grid, Set1 V2c (GSSTF) at GES DISC",841,1688
GSSTF,layered precipitable water,0.99,"Goddard Satellite-Based Surface Turbulent Fluxes, 1x1 deg Daily Grid, Set1 V2c (GSSTF) at GES DISC",841,1684
GSSTF,outgoing longwave radiation,0.99,"Goddard Satellite-Based Surface Turbulent Fluxes, 1x1 deg Daily Grid, Set1 V2c (GSSTF) at GES DISC",841,1679
GSSTF,water vapor profiles,0.99,"Goddard Satellite-Based Surface Turbulent Fluxes, 1x1 deg Daily Grid, Set1 V2c (GSSTF) at GES DISC",841,1673
GSSTF,oxygen compounds,0.99,"Goddard Satellite-Based Surface Turbulent Fluxes, 1x1 deg Daily Grid, Set1 V2c (GSSTF) at GES DISC",841,1633
GSSTF,surface thermal properties,0.99,"Goddard Satellite-Based Surface Turbulent Fluxes, 1x1 deg Daily Grid, Set1 V2c (GSSTF) at GES DISC",841,1627
MAT3NVCHM,surface pressure,0.99,"tavg3_3d_chm_Nv: MERRA Chem 3D IAU C-Grid Edge Mass Flux, Time Average 3-Hourly  1.25 x 1.25 degree V5.2.0 (MAT3NVCHM) at GES DISC",1274,1668
MAT3NVCHM,atmospheric pressure,0.99,"tavg3_3d_chm_Nv: MERRA Chem 3D IAU C-Grid Edge Mass Flux, Time Average 3-Hourly  1.25 x 1.25 degree V5.2.0 (MAT3NVCHM) at GES DISC",1274,1665
UARML3AT,precipitation,0.99,UARS Microwave Limb Sounder (MLS) Level 3AT V005 (UARML3AT) at GES DISC,1497,1585
M2TUNPRAD,water vapor indicators,0.99,"MERRA-2 tavgU_3d_rad_Np: 3d,diurnal,Time-Averaged,Pressure-Level,Assimilation,Radiation Diagnostics 0.625 x 0.5 degree V5.12.4 (M2TUNPRAD) at GES DISC",838,1629
TOVSADND,specific humidity,0.99,TOVS GLA DAILY GRIDS from NOAA-12 V01 (TOVSADND) at GES DISC,1494,1745
TOVSADND,longwave radiation,0.99,TOVS GLA DAILY GRIDS from NOAA-12 V01 (TOVSADND) at GES DISC,1494,1719
TOVSADND,heat flux,0.99,TOVS GLA DAILY GRIDS from NOAA-12 V01 (TOVSADND) at GES DISC,1494,1718
TOVSADND,water vapor,0.99,TOVS GLA DAILY GRIDS from NOAA-12 V01 (TOVSADND) at GES DISC,1494,1630
SBUV2N11L2,aerosols,0.99,SBUV2/NOAA-11 Ozone (O3) Nadir Profile and Total Column 1 Day L2 V1 (SBUV2N11L2) at GES DISC,837,1607
AIRS,specific humidity,0.99,Atmospheric Infrared Sounder,2171,1745
MATUNXRAD,clouds,0.99,"tavgU_2d_rad_Nx: MERRA 2D IAU Diagnostic, Radiation Surface and TOA, Diurnal  0.667 x 0.5 degree V5.2.0 (MATUNXRAD) at GES DISC",1488,1674
TOVSA5ND,surface winds,0.99,TOVS GLA 5 DAY GRIDS from NOAA-12 V01 (TOVSA5ND) at GES DISC,1485,1749
TOVSA5ND,atmospheric winds,0.99,TOVS GLA 5 DAY GRIDS from NOAA-12 V01 (TOVSA5ND) at GES DISC,1485,1746
TOVSA5ND,specific humidity,0.99,TOVS GLA 5 DAY GRIDS from NOAA-12 V01 (TOVSA5ND) at GES DISC,1485,1745
TOVSA5ND,longwave radiation,0.99,TOVS GLA 5 DAY GRIDS from NOAA-12 V01 (TOVSA5ND) at GES DISC,1485,1719
TOVSA5ND,heat flux,0.99,TOVS GLA 5 DAY GRIDS from NOAA-12 V01 (TOVSA5ND) at GES DISC,1485,1718
TOVSA5ND,water vapor,0.99,TOVS GLA 5 DAY GRIDS from NOAA-12 V01 (TOVSA5ND) at GES DISC,1485,1630
TOVSA5ND,aerosols,0.99,TOVS GLA 5 DAY GRIDS from NOAA-12 V01 (TOVSA5ND) at GES DISC,1485,1607
MAM07S0,air temperature,0.99,MODIS/Aqua Temp and Water Vapor Profile 5-Min L2 Swath Subset 5km subset along MLS V002 (MAM07S0) at GES DISC,1483,1680
MATMNXOCN,surface pressure,0.99,"tavgM_2d_ocn_Nx: MERRA 2D IAU Ocean Surface Diagnostic, Monthly Mean  0.667 x 0.5 degree V5.2.0 (MATMNXOCN) at GES DISC",829,1668
MATMNXOCN,atmospheric pressure,0.99,"tavgM_2d_ocn_Nx: MERRA 2D IAU Ocean Surface Diagnostic, Monthly Mean  0.667 x 0.5 degree V5.2.0 (MATMNXOCN) at GES DISC",829,1665
MATMCPRAD,surface pressure,0.99,"tavgM_3d_rad_Cp: MERRA 3D IAU Diagnostic, Radiation, Monthly Mean  1.25 x 1.25 degree V5.2.0 (MATMCPRAD) at GES DISC",1567,1668
MATMCPRAD,atmospheric pressure,0.99,"tavgM_3d_rad_Cp: MERRA 3D IAU Diagnostic, Radiation, Monthly Mean  1.25 x 1.25 degree V5.2.0 (MATMCPRAD) at GES DISC",1567,1665
MATUCPTRB,surface pressure,0.99,"tavgU_3d_trb_Cp: MERRA 3D IAU Diagnostic, Turbulence, Diurnal  1.25 x 1.25 degree V5.2.0 (MATUCPTRB) at GES DISC",1565,1668
MATUCPTRB,atmospheric pressure,0.99,"tavgU_3d_trb_Cp: MERRA 3D IAU Diagnostic, Turbulence, Diurnal  1.25 x 1.25 degree V5.2.0 (MATUCPTRB) at GES DISC",1565,1665
SMMRN7IM,air temperature,0.99,SMMR/Nimbus-7 Color Images V001 (SMMRN7IM) at GES DISC,1464,1680
MAT1NXSLV_CPR,oceans,0.99,"MERRA 2D IAU Diagnostic, Single Level Meteorology, Time Average 1-hourly 0.6 x 0.25 degree subsetted along CloudSat track V5.2.0 (MAT1NXSLV_CPR) at GES DISC",1462,1692
MAT1NXSLV_CPR,cloud properties,0.99,"MERRA 2D IAU Diagnostic, Single Level Meteorology, Time Average 1-hourly 0.6 x 0.25 degree subsetted along CloudSat track V5.2.0 (MAT1NXSLV_CPR) at GES DISC",1462,1686
MAT1NXSLV_CPR,air temperature,0.99,"MERRA 2D IAU Diagnostic, Single Level Meteorology, Time Average 1-hourly 0.6 x 0.25 degree subsetted along CloudSat track V5.2.0 (MAT1NXSLV_CPR) at GES DISC",1462,1680
MAT1NXSLV_CPR,clouds,0.99,"MERRA 2D IAU Diagnostic, Single Level Meteorology, Time Average 1-hourly 0.6 x 0.25 degree subsetted along CloudSat track V5.2.0 (MAT1NXSLV_CPR) at GES DISC",1462,1674
M2TMNPCLD,longwave radiation,0.99,"MERRA-2 tavgM_3d_cld_Np: 3d,Monthly mean,Time-Averaged,Pressure-Level,Assimilation,Cloud Diagnostics 0.625 x 0.5 degree V5.12.4 (M2TMNPCLD) at GES DISC",1559,1719
MAT1NXSLV_CPR,atmospheric radiation,0.99,"MERRA 2D IAU Diagnostic, Single Level Meteorology, Time Average 1-hourly 0.6 x 0.25 degree subsetted along CloudSat track V5.2.0 (MAT1NXSLV_CPR) at GES DISC",1462,1586
PET_PU_3H025,oceans,0.99,RM-OBS/PU Potential Evapotranspiration and Supporting Forcing L4 3-hourly 0.25x0.25 degree V001 (PET_PU_3H025) at GES DISC,817,1692
PET_PU_3H025,cloud properties,0.99,RM-OBS/PU Potential Evapotranspiration and Supporting Forcing L4 3-hourly 0.25x0.25 degree V001 (PET_PU_3H025) at GES DISC,817,1686
PET_PU_3H025,air temperature,0.99,RM-OBS/PU Potential Evapotranspiration and Supporting Forcing L4 3-hourly 0.25x0.25 degree V001 (PET_PU_3H025) at GES DISC,817,1680
PET_PU_3H025,clouds,0.99,RM-OBS/PU Potential Evapotranspiration and Supporting Forcing L4 3-hourly 0.25x0.25 degree V001 (PET_PU_3H025) at GES DISC,817,1674
PET_PU_3H025,skin temperature,0.99,RM-OBS/PU Potential Evapotranspiration and Supporting Forcing L4 3-hourly 0.25x0.25 degree V001 (PET_PU_3H025) at GES DISC,817,1628
SNDRSNIML3SMCHTN,surface winds,0.99,Sounder SIPS: Suomi NPP CrIMSS Level 3 Specific Quality Control Gridded Monthly CHART Normal Spectral Resolution V1,1550,1749
SNDRSNIML3SMCHTN,atmospheric winds,0.99,Sounder SIPS: Suomi NPP CrIMSS Level 3 Specific Quality Control Gridded Monthly CHART Normal Spectral Resolution V1,1550,1746
SNDRSNIML3SMCHTN,water vapor processes,0.99,Sounder SIPS: Suomi NPP CrIMSS Level 3 Specific Quality Control Gridded Monthly CHART Normal Spectral Resolution V1,1550,1722
SNDRSNIML3SMCHTN,longwave radiation,0.99,Sounder SIPS: Suomi NPP CrIMSS Level 3 Specific Quality Control Gridded Monthly CHART Normal Spectral Resolution V1,1550,1719
SNDRSNIML3SMCHTN,heat flux,0.99,Sounder SIPS: Suomi NPP CrIMSS Level 3 Specific Quality Control Gridded Monthly CHART Normal Spectral Resolution V1,1550,1718
SNDRSNIML3SMCHTN,water vapor,0.99,Sounder SIPS: Suomi NPP CrIMSS Level 3 Specific Quality Control Gridded Monthly CHART Normal Spectral Resolution V1,1550,1630
SNDRSNIML3SMCHTN,soil moisture/water content,0.99,Sounder SIPS: Suomi NPP CrIMSS Level 3 Specific Quality Control Gridded Monthly CHART Normal Spectral Resolution V1,1550,1626
M2T3NVCLD,atmospheric temperature,0.99,"MERRA-2 tavg3_3d_cld_Nv: 3d,3-Hourly,Time-Averaged,Model-Level,Assimilation,Cloud Diagnostics 0.625 x 0.5 degree V5.12.4 (M2T3NVCLD) at GES DISC",165,1669
SNDRSNIML3SMCHTN,soils,0.99,Sounder SIPS: Suomi NPP CrIMSS Level 3 Specific Quality Control Gridded Monthly CHART Normal Spectral Resolution V1,1550,1625
MAIUCPASM,surface pressure,0.99,"instU_3d_asm_Cp: MERRA 3D IAU State, Meteorology Diurnal  1.25 x 1.25 degree V5.2.0 (MAIUCPASM) at GES DISC",1536,1668
AIRS2RET_NRT,atmospheric winds,0.99,AIRS/Aqua L2 Near Real Time (NRT) Standard Physical Retrieval (AIRS-only) V006 (AIRS2RET_NRT) at GES DISC,689,1746
AIRS2RET_NRT,water vapor processes,0.99,AIRS/Aqua L2 Near Real Time (NRT) Standard Physical Retrieval (AIRS-only) V006 (AIRS2RET_NRT) at GES DISC,689,1722
AIRS2RET_NRT,longwave radiation,0.99,AIRS/Aqua L2 Near Real Time (NRT) Standard Physical Retrieval (AIRS-only) V006 (AIRS2RET_NRT) at GES DISC,689,1719
AIRS2RET_NRT,heat flux,0.99,AIRS/Aqua L2 Near Real Time (NRT) Standard Physical Retrieval (AIRS-only) V006 (AIRS2RET_NRT) at GES DISC,689,1718
AIRS2RET_NRT,precipitation rate,0.99,AIRS/Aqua L2 Near Real Time (NRT) Standard Physical Retrieval (AIRS-only) V006 (AIRS2RET_NRT) at GES DISC,689,1714
MAIUCPASM,atmospheric pressure,0.99,"instU_3d_asm_Cp: MERRA 3D IAU State, Meteorology Diurnal  1.25 x 1.25 degree V5.2.0 (MAIUCPASM) at GES DISC",1536,1665
AIRS2RET_NRT,water vapor,0.99,AIRS/Aqua L2 Near Real Time (NRT) Standard Physical Retrieval (AIRS-only) V006 (AIRS2RET_NRT) at GES DISC,689,1630
AIRS2RET_NRT,soil moisture/water content,0.99,AIRS/Aqua L2 Near Real Time (NRT) Standard Physical Retrieval (AIRS-only) V006 (AIRS2RET_NRT) at GES DISC,689,1626
AIRS2RET_NRT,soils,0.99,AIRS/Aqua L2 Near Real Time (NRT) Standard Physical Retrieval (AIRS-only) V006 (AIRS2RET_NRT) at GES DISC,689,1625
MATMCPCLD,surface pressure,0.99,"tavgM_3d_cld_Cp: MERRA 3D IAU Diagnostic, Cloud Properties, Monthly Mean  1.25 x 1.25 degree V5.2.0 (MATMCPCLD) at GES DISC",1268,1668
MATMCPCLD,atmospheric pressure,0.99,"tavgM_3d_cld_Cp: MERRA 3D IAU Diagnostic, Cloud Properties, Monthly Mean  1.25 x 1.25 degree V5.2.0 (MATMCPCLD) at GES DISC",1268,1665
S5P_L2__CLOUD_,humidity,0.99,Sentinel-5P TROPOMI Cloud 1-Orbit L2 7km x 3.5km V1 (S5P_L2__CLOUD_) at GES DISC,1534,1672
S5P_L2__CLOUD_,water vapor indicators,0.99,Sentinel-5P TROPOMI Cloud 1-Orbit L2 7km x 3.5km V1 (S5P_L2__CLOUD_) at GES DISC,1534,1629
TOVSBMNG,heat flux,0.99,TOVS LMD MONTHLY GRIDS from NOAA-10 V01 (TOVSBMNG) at GES DISC,1533,1718
TOVSBMNG,oceans,0.99,TOVS LMD MONTHLY GRIDS from NOAA-10 V01 (TOVSBMNG) at GES DISC,1533,1692
M2T1NXSLV,cloud fraction,0.99,"MERRA-2 tavg1_2d_slv_Nx: 2d,1-Hourly,Time-Averaged,Single-Level,Assimilation,Single-Level Diagnostics 0.625 x 0.5 degree V5.12.4 (M2T1NXSLV) at GES DISC",1265,1687
M2T1NXSLV,water vapor,0.99,"MERRA-2 tavg1_2d_slv_Nx: 2d,1-Hourly,Time-Averaged,Single-Level,Assimilation,Single-Level Diagnostics 0.625 x 0.5 degree V5.12.4 (M2T1NXSLV) at GES DISC",1265,1630
FLDAS_NOAH01_C_GL_MC,upper air temperature,0.99,FLDAS Noah Land Surface Model L4 Global Monthly Climatology 0.1 x 0.1 degree (MERRA-2 and CHIRPS) V001 (FLDAS_NOAH01_C_GL_MC) at GES DISC,388,1670
FLDAS_NOAH01_C_GL_MC,atmospheric ozone,0.99,FLDAS Noah Land Surface Model L4 Global Monthly Climatology 0.1 x 0.1 degree (MERRA-2 and CHIRPS) V001 (FLDAS_NOAH01_C_GL_MC) at GES DISC,388,1634
AIRH2SUP,wind dynamics,0.99,Aqua/AIRS L2 Support Retrieval (AIRS+AMSU+HSB) V7.0 at GES DISC,683,1751
TOVSBMNG,atmospheric pressure,0.99,TOVS LMD MONTHLY GRIDS from NOAA-10 V01 (TOVSBMNG) at GES DISC,1533,1665
AIRH2SUP,atmospheric winds,0.99,Aqua/AIRS L2 Support Retrieval (AIRS+AMSU+HSB) V7.0 at GES DISC,683,1746
AIRH2SUP,longwave radiation,0.99,Aqua/AIRS L2 Support Retrieval (AIRS+AMSU+HSB) V7.0 at GES DISC,683,1719
AIRH2SUP,heat flux,0.99,Aqua/AIRS L2 Support Retrieval (AIRS+AMSU+HSB) V7.0 at GES DISC,683,1718
AIRH2SUP,vertical profiles,0.99,Aqua/AIRS L2 Support Retrieval (AIRS+AMSU+HSB) V7.0 at GES DISC,683,1682
AIRH2SUP,humidity,0.99,Aqua/AIRS L2 Support Retrieval (AIRS+AMSU+HSB) V7.0 at GES DISC,683,1672
AIRH2SUP,water vapor,0.99,Aqua/AIRS L2 Support Retrieval (AIRS+AMSU+HSB) V7.0 at GES DISC,683,1630
AIRH2SUP,soil moisture/water content,0.99,Aqua/AIRS L2 Support Retrieval (AIRS+AMSU+HSB) V7.0 at GES DISC,683,1626
AIRH2SUP,soils,0.99,Aqua/AIRS L2 Support Retrieval (AIRS+AMSU+HSB) V7.0 at GES DISC,683,1625
SNDRSNIML3SDCCPN,surface winds,0.99,Sounder SIPS: Suomi NPP CrIMSS Level 3 Specific Quality Control Gridded Daily CLIMCAPS Normal Spectral Resolution V2 (SNDRSNIML3SDCCPN) at GES DISC,681,1749
SNDRSNIML3SDCCPN,atmospheric winds,0.99,Sounder SIPS: Suomi NPP CrIMSS Level 3 Specific Quality Control Gridded Daily CLIMCAPS Normal Spectral Resolution V2 (SNDRSNIML3SDCCPN) at GES DISC,681,1746
SNDRSNIML3SDCCPN,water vapor processes,0.99,Sounder SIPS: Suomi NPP CrIMSS Level 3 Specific Quality Control Gridded Daily CLIMCAPS Normal Spectral Resolution V2 (SNDRSNIML3SDCCPN) at GES DISC,681,1722
SNDRSNIML3SDCCPN,longwave radiation,0.99,Sounder SIPS: Suomi NPP CrIMSS Level 3 Specific Quality Control Gridded Daily CLIMCAPS Normal Spectral Resolution V2 (SNDRSNIML3SDCCPN) at GES DISC,681,1719
SNDRSNIML3SDCCPN,heat flux,0.99,Sounder SIPS: Suomi NPP CrIMSS Level 3 Specific Quality Control Gridded Daily CLIMCAPS Normal Spectral Resolution V2 (SNDRSNIML3SDCCPN) at GES DISC,681,1718
SNDRSNIML3SDCCPN,water vapor,0.99,Sounder SIPS: Suomi NPP CrIMSS Level 3 Specific Quality Control Gridded Daily CLIMCAPS Normal Spectral Resolution V2 (SNDRSNIML3SDCCPN) at GES DISC,681,1630
SNDRSNIML3SDCCPN,soil moisture/water content,0.99,Sounder SIPS: Suomi NPP CrIMSS Level 3 Specific Quality Control Gridded Daily CLIMCAPS Normal Spectral Resolution V2 (SNDRSNIML3SDCCPN) at GES DISC,681,1626
SNDRSNIML3SDCCPN,soils,0.99,Sounder SIPS: Suomi NPP CrIMSS Level 3 Specific Quality Control Gridded Daily CLIMCAPS Normal Spectral Resolution V2 (SNDRSNIML3SDCCPN) at GES DISC,681,1625
M2IUNXLFO,upper air temperature,0.99,"MERRA-2 instU_2d_lfo_Nx: 2d,diurnal,Instantaneous,Single-Level,Assimilation,Land Surface Forcings 0.625 x 0.5 degree V5.12.4 (M2IUNXLFO) at GES DISC",679,1670
S5P_L2__O3__PR,aerosols,0.99,Sentinel-5P TROPOMI Ozone Profile 1-Orbit L2 21km x 28km V1 (S5P_L2__O3__PR) at GES DISC,1252,1607
MAT1NXOCN,surface pressure,0.99,"tavg1_2d_ocn_Nx: MERRA 2D IAU Ocean Surface Diagnostic, Time Average 1-hourly  0.667 x 0.5 degree V5.2.0 (MAT1NXOCN) at GES DISC",154,1668
MAT1NXOCN,atmospheric pressure,0.99,"tavg1_2d_ocn_Nx: MERRA 2D IAU Ocean Surface Diagnostic, Time Average 1-hourly  0.667 x 0.5 degree V5.2.0 (MAT1NXOCN) at GES DISC",154,1665
FLDAS_NOAH001_G_CA_D,cloud top pressure,0.99,FLDAS Noah Land Surface Model L4 Central Asia Daily 0.01 x 0.01 degree V001 (FLDAS_NOAH001_G_CA_D) at GES DISC,153,1688
FLDAS_NOAH001_G_CA_D,air quality,0.99,FLDAS Noah Land Surface Model L4 Central Asia Daily 0.01 x 0.01 degree V001 (FLDAS_NOAH001_G_CA_D) at GES DISC,153,1615
TOVSBMNG,atmospheric radiation,0.99,TOVS LMD MONTHLY GRIDS from NOAA-10 V01 (TOVSBMNG) at GES DISC,1533,1586
M2TUNXOCN,geopotential height,0.99,"MERRA-2 tavgU_2d_ocn_Nx: 2d,diurnal,Time-Averaged,Single-Level,Assimilation,Ocean Surface Diagnostics 0.625 x 0.5 degree V5.12.4 (M2TUNXOCN) at GES DISC",674,1705
OMCLDRR,upper air temperature,0.99,OMI/Aura Effective Cloud Pressure and Fraction (Raman Scattering) 1-Orbit L2 Swath 13x24 km V003 (OMCLDRR) at GES DISC,1532,1670
M2IUNXASM,longwave radiation,0.99,"MERRA-2 instU_2d_asm_Nx: 2d,diurnal,Instantaneous,Single-Level,Assimilation,Single-Level Diagnostics 0.625 x 0.5 degree V5.12.4 (M2IUNXASM) at GES DISC",1247,1719
M2IUNXASM,heat flux,0.99,"MERRA-2 instU_2d_asm_Nx: 2d,diurnal,Instantaneous,Single-Level,Assimilation,Single-Level Diagnostics 0.625 x 0.5 degree V5.12.4 (M2IUNXASM) at GES DISC",1247,1718
M2IUNXASM,precipitation rate,0.99,"MERRA-2 instU_2d_asm_Nx: 2d,diurnal,Instantaneous,Single-Level,Assimilation,Single-Level Diagnostics 0.625 x 0.5 degree V5.12.4 (M2IUNXASM) at GES DISC",1247,1714
M2IUNXASM,cloud fraction,0.99,"MERRA-2 instU_2d_asm_Nx: 2d,diurnal,Instantaneous,Single-Level,Assimilation,Single-Level Diagnostics 0.625 x 0.5 degree V5.12.4 (M2IUNXASM) at GES DISC",1247,1687
GSSTF_F08,emissivity,0.99,"Goddard Satellite-Based Surface Turbulent Fluxes, 0.25 x 0.25 deg, Daily Grid F08 V3 (GSSTF_F08) at GES DISC",1436,1716
M2IUNXASM,water vapor,0.99,"MERRA-2 instU_2d_asm_Nx: 2d,diurnal,Instantaneous,Single-Level,Assimilation,Single-Level Diagnostics 0.625 x 0.5 degree V5.12.4 (M2IUNXASM) at GES DISC",1247,1630
M2IUNXASM,atmospheric radiation,0.99,"MERRA-2 instU_2d_asm_Nx: 2d,diurnal,Instantaneous,Single-Level,Assimilation,Single-Level Diagnostics 0.625 x 0.5 degree V5.12.4 (M2IUNXASM) at GES DISC",1247,1586
GSSTF_F08,precipitation rate,0.99,"Goddard Satellite-Based Surface Turbulent Fluxes, 0.25 x 0.25 deg, Daily Grid F08 V3 (GSSTF_F08) at GES DISC",1436,1714
SNDRJ1ML2RMSSUP,surface winds,0.99,Sounder SIPS: JPSS-1 ATMS Level 2 RAMSES2 Support V3 (SNDRJ1ML2RMSSUP) at GES DISC,378,1749
GSSTF_F08,cloud vertical distribution,0.99,"Goddard Satellite-Based Surface Turbulent Fluxes, 0.25 x 0.25 deg, Daily Grid F08 V3 (GSSTF_F08) at GES DISC",1436,1712
SNDRJ1ML2RMSSUP,longwave radiation,0.99,Sounder SIPS: JPSS-1 ATMS Level 2 RAMSES2 Support V3 (SNDRJ1ML2RMSSUP) at GES DISC,378,1719
SNDRJ1ML2RMSSUP,heat flux,0.99,Sounder SIPS: JPSS-1 ATMS Level 2 RAMSES2 Support V3 (SNDRJ1ML2RMSSUP) at GES DISC,378,1718
SNDRJ1ML2RMSSUP,precipitation rate,0.99,Sounder SIPS: JPSS-1 ATMS Level 2 RAMSES2 Support V3 (SNDRJ1ML2RMSSUP) at GES DISC,378,1714
SNDRJ1ML2RMSSUP,cloud top pressure,0.99,Sounder SIPS: JPSS-1 ATMS Level 2 RAMSES2 Support V3 (SNDRJ1ML2RMSSUP) at GES DISC,378,1688
SNDRJ1ML2RMSSUP,cloud fraction,0.99,Sounder SIPS: JPSS-1 ATMS Level 2 RAMSES2 Support V3 (SNDRJ1ML2RMSSUP) at GES DISC,378,1687
GSSTF_F08,tropopause,0.99,"Goddard Satellite-Based Surface Turbulent Fluxes, 0.25 x 0.25 deg, Daily Grid F08 V3 (GSSTF_F08) at GES DISC",1436,1706
SNDRJ1ML2RMSSUP,outgoing longwave radiation,0.99,Sounder SIPS: JPSS-1 ATMS Level 2 RAMSES2 Support V3 (SNDRJ1ML2RMSSUP) at GES DISC,378,1679
GSSTF_F08,cloud top temperature,0.99,"Goddard Satellite-Based Surface Turbulent Fluxes, 0.25 x 0.25 deg, Daily Grid F08 V3 (GSSTF_F08) at GES DISC",1436,1689
SNDRJ1ML2RMSSUP,water vapor,0.99,Sounder SIPS: JPSS-1 ATMS Level 2 RAMSES2 Support V3 (SNDRJ1ML2RMSSUP) at GES DISC,378,1630
GSSTF_F08,layered precipitable water,0.99,"Goddard Satellite-Based Surface Turbulent Fluxes, 0.25 x 0.25 deg, Daily Grid F08 V3 (GSSTF_F08) at GES DISC",1436,1684
SBUV2N11L3zm,aerosols,0.99,SBUV2/NOAA-11 Ozone (O3) Profile and Total Column Ozone 1 Month Zonal Mean L3 Global 5.0 degree Latitude Zones V1 (SBUV2N11L3zm) at GES DISC,375,1607
SBUV2N14L2,aerosols,0.99,SBUV2/NOAA-14 Ozone (O3) Nadir Profile and Total Column 1 Day L2 V1 (SBUV2N14L2) at GES DISC,1240,1607
GSSTF_F08,outgoing longwave radiation,0.99,"Goddard Satellite-Based Surface Turbulent Fluxes, 0.25 x 0.25 deg, Daily Grid F08 V3 (GSSTF_F08) at GES DISC",1436,1679
SNDRAQIL3CDCCP,atmospheric winds,0.99,Sounder SIPS: AQUA AIRS IR-only Level 3 CLIMCAPS : Comprehensive Quality Control Gridded Daily V2 (SNDRAQIL3CDCCP) at GES DISC,1239,1746
SNDRAQIL3CDCCP,water vapor processes,0.99,Sounder SIPS: AQUA AIRS IR-only Level 3 CLIMCAPS : Comprehensive Quality Control Gridded Daily V2 (SNDRAQIL3CDCCP) at GES DISC,1239,1722
SNDRAQIL3CDCCP,longwave radiation,0.99,Sounder SIPS: AQUA AIRS IR-only Level 3 CLIMCAPS : Comprehensive Quality Control Gridded Daily V2 (SNDRAQIL3CDCCP) at GES DISC,1239,1719
SNDRAQIL3CDCCP,heat flux,0.99,Sounder SIPS: AQUA AIRS IR-only Level 3 CLIMCAPS : Comprehensive Quality Control Gridded Daily V2 (SNDRAQIL3CDCCP) at GES DISC,1239,1718
SNDRAQIL3CDCCP,humidity,0.99,Sounder SIPS: AQUA AIRS IR-only Level 3 CLIMCAPS : Comprehensive Quality Control Gridded Daily V2 (SNDRAQIL3CDCCP) at GES DISC,1239,1672
SNDRAQIL3CDCCP,water vapor,0.99,Sounder SIPS: AQUA AIRS IR-only Level 3 CLIMCAPS : Comprehensive Quality Control Gridded Daily V2 (SNDRAQIL3CDCCP) at GES DISC,1239,1630
SNDRAQIL3CDCCP,soil moisture/water content,0.99,Sounder SIPS: AQUA AIRS IR-only Level 3 CLIMCAPS : Comprehensive Quality Control Gridded Daily V2 (SNDRAQIL3CDCCP) at GES DISC,1239,1626
SNDRAQIL3CDCCP,soils,0.99,Sounder SIPS: AQUA AIRS IR-only Level 3 CLIMCAPS : Comprehensive Quality Control Gridded Daily V2 (SNDRAQIL3CDCCP) at GES DISC,1239,1625
MATUCPQDT,surface pressure,0.99,"tavgU_3d_qdt_Cp: MERRA 3D IAU Tendency, Specific Humidity, Diurnal  1.25 x 1.25 degree V5.2.0 (MATUCPQDT) at GES DISC",374,1668
MATUCPQDT,atmospheric pressure,0.99,"tavgU_3d_qdt_Cp: MERRA 3D IAU Tendency, Specific Humidity, Diurnal  1.25 x 1.25 degree V5.2.0 (MATUCPQDT) at GES DISC",374,1665
AIRS,water vapor processes,0.99,Atmospheric Infrared Sounder,2171,1722
MAT3FXCHM,surface pressure,0.99,"tavg3_2d_chm_Fx: MERRA Chem 2D IAU Diagnostics, Fluxes and Meteorology, Time Average 3-hourly  1.25 x 1 degree V5.2.0 (MAT3FXCHM) at GES DISC",1236,1668
MAT3FXCHM,atmospheric pressure,0.99,"tavg3_2d_chm_Fx: MERRA Chem 2D IAU Diagnostics, Fluxes and Meteorology, Time Average 3-hourly  1.25 x 1 degree V5.2.0 (MAT3FXCHM) at GES DISC",1236,1665
MAT3CPODT,surface pressure,0.99,"tavg3_3d_odt_Cp: MERRA 3D IAU Tendency, Ozone, Time average 3-hourly  1.25 x 1.25 degree V5.2.0 (MAT3CPODT) at GES DISC",889,1668
MAT3CPODT,atmospheric pressure,0.99,"tavg3_3d_odt_Cp: MERRA 3D IAU Tendency, Ozone, Time average 3-hourly  1.25 x 1.25 degree V5.2.0 (MAT3CPODT) at GES DISC",889,1665
RAIN_CHANG,oxygen compounds,0.99,Chang SSM/I Derived Monthly Rain Indices 5 x 5 degree V2.3 (RAIN_CHANG) at GES DISC,1343,1633
GSSTF_F08,water vapor profiles,0.99,"Goddard Satellite-Based Surface Turbulent Fluxes, 0.25 x 0.25 deg, Daily Grid F08 V3 (GSSTF_F08) at GES DISC",1436,1673
AIRH3STD,wind dynamics,0.99,AIRS/Aqua L3 Daily Standard Physical Retrieval (AIRS+AMSU+HSB) 1 degree x 1 degree V006 (AIRH3STD) at GES DISC,888,1751
AIRH3STD,atmospheric winds,0.99,AIRS/Aqua L3 Daily Standard Physical Retrieval (AIRS+AMSU+HSB) 1 degree x 1 degree V006 (AIRH3STD) at GES DISC,888,1746
AIRH3STD,longwave radiation,0.99,AIRS/Aqua L3 Daily Standard Physical Retrieval (AIRS+AMSU+HSB) 1 degree x 1 degree V006 (AIRH3STD) at GES DISC,888,1719
AIRH3STD,heat flux,0.99,AIRS/Aqua L3 Daily Standard Physical Retrieval (AIRS+AMSU+HSB) 1 degree x 1 degree V006 (AIRH3STD) at GES DISC,888,1718
AIRH3STD,precipitation rate,0.99,AIRS/Aqua L3 Daily Standard Physical Retrieval (AIRS+AMSU+HSB) 1 degree x 1 degree V006 (AIRH3STD) at GES DISC,888,1714
AIRH3STD,cloud fraction,0.99,AIRS/Aqua L3 Daily Standard Physical Retrieval (AIRS+AMSU+HSB) 1 degree x 1 degree V006 (AIRH3STD) at GES DISC,888,1687
AIRH3STD,precipitation,0.99,AIRS/Aqua L3 Daily Standard Physical Retrieval (AIRS+AMSU+HSB) 1 degree x 1 degree V006 (AIRH3STD) at GES DISC,888,1585
TIROS3L1ORT,total precipitable water,0.99,TIROS-3 Low-Resolution Omnidirectional Radiometer Level 1 Temperature Data V001 (TIROS3L1ORT) at GES DISC,1233,1685
GSSTF_F08,oxygen compounds,0.99,"Goddard Satellite-Based Surface Turbulent Fluxes, 0.25 x 0.25 deg, Daily Grid F08 V3 (GSSTF_F08) at GES DISC",1436,1633
AIRG2SSD,longwave radiation,0.99,AIRS/Aqua L2G Precipitation Estimate V006 (AIRG2SSD) at GES DISC,1339,1719
AIRG2SSD,humidity,0.99,AIRS/Aqua L2G Precipitation Estimate V006 (AIRG2SSD) at GES DISC,1339,1672
AIRG2SSD,surface temperature,0.99,AIRS/Aqua L2G Precipitation Estimate V006 (AIRG2SSD) at GES DISC,1339,1671
AIRG2SSD,surface pressure,0.99,AIRS/Aqua L2G Precipitation Estimate V006 (AIRG2SSD) at GES DISC,1339,1668
AIRG2SSD,atmospheric pressure,0.99,AIRS/Aqua L2G Precipitation Estimate V006 (AIRG2SSD) at GES DISC,1339,1665
AIRG2SSD,water vapor,0.99,AIRS/Aqua L2G Precipitation Estimate V006 (AIRG2SSD) at GES DISC,1339,1630
AIRG2SSD,atmospheric radiation,0.99,AIRS/Aqua L2G Precipitation Estimate V006 (AIRG2SSD) at GES DISC,1339,1586
AIRG2SSD,atmospheric water vapor,0.99,AIRS/Aqua L2G Precipitation Estimate V006 (AIRG2SSD) at GES DISC,1339,1584
SNDRAQIL3SMCCP,atmospheric winds,0.99,Sounder SIPS: AQUA AIRS IR-only Level 3 CLIMCAPS: Specific Quality Control Gridded Monthly V2 (SNDRAQIL3SMCCP) at GES DISC,1528,1746
SNDRAQIL3SMCCP,water vapor processes,0.99,Sounder SIPS: AQUA AIRS IR-only Level 3 CLIMCAPS: Specific Quality Control Gridded Monthly V2 (SNDRAQIL3SMCCP) at GES DISC,1528,1722
SNDRAQIL3SMCCP,longwave radiation,0.99,Sounder SIPS: AQUA AIRS IR-only Level 3 CLIMCAPS: Specific Quality Control Gridded Monthly V2 (SNDRAQIL3SMCCP) at GES DISC,1528,1719
SNDRAQIL3SMCCP,heat flux,0.99,Sounder SIPS: AQUA AIRS IR-only Level 3 CLIMCAPS: Specific Quality Control Gridded Monthly V2 (SNDRAQIL3SMCCP) at GES DISC,1528,1718
SNDRAQIL3SMCCP,humidity,0.99,Sounder SIPS: AQUA AIRS IR-only Level 3 CLIMCAPS: Specific Quality Control Gridded Monthly V2 (SNDRAQIL3SMCCP) at GES DISC,1528,1672
SNDRAQIL3SMCCP,water vapor,0.99,Sounder SIPS: AQUA AIRS IR-only Level 3 CLIMCAPS: Specific Quality Control Gridded Monthly V2 (SNDRAQIL3SMCCP) at GES DISC,1528,1630
TMI,geopotential height,0.99,TRMM Microwave Imager,2156,1705
TOVSA5NG,surface winds,0.99,TOVS GLA 5 DAY GRIDS from NOAA-10 V01 (TOVSA5NG) at GES DISC,1226,1749
TOVSA5NG,atmospheric winds,0.99,TOVS GLA 5 DAY GRIDS from NOAA-10 V01 (TOVSA5NG) at GES DISC,1226,1746
TOVSA5NG,specific humidity,0.99,TOVS GLA 5 DAY GRIDS from NOAA-10 V01 (TOVSA5NG) at GES DISC,1226,1745
TOVSA5NG,longwave radiation,0.99,TOVS GLA 5 DAY GRIDS from NOAA-10 V01 (TOVSA5NG) at GES DISC,1226,1719
SNDRAQIL3SMCCP,soil moisture/water content,0.99,Sounder SIPS: AQUA AIRS IR-only Level 3 CLIMCAPS: Specific Quality Control Gridded Monthly V2 (SNDRAQIL3SMCCP) at GES DISC,1528,1626
SNDRAQIL3SMCCP,soils,0.99,Sounder SIPS: AQUA AIRS IR-only Level 3 CLIMCAPS: Specific Quality Control Gridded Monthly V2 (SNDRAQIL3SMCCP) at GES DISC,1528,1625
BUVN4L3ZMT,aerosols,0.99,BUV/Nimbus-4 Level 3 Ozone Zonal Means V005 (BUVN4L3ZMT) at GES DISC,1525,1607
TOVSA5NG,water vapor,0.99,TOVS GLA 5 DAY GRIDS from NOAA-10 V01 (TOVSA5NG) at GES DISC,1226,1630
TOVSA5NG,aerosols,0.99,TOVS GLA 5 DAY GRIDS from NOAA-10 V01 (TOVSA5NG) at GES DISC,1226,1607
TIROS4L1ORR,total precipitable water,0.99,TIROS-4 Low-Resolution Omnidirectional Radiometer Level 1 Radiance Data V001 (TIROS4L1ORR) at GES DISC,1428,1685
SBUV2N17L3zm,aerosols,0.99,SBUV2/NOAA-17 Ozone (O3) Profile and Total Column Ozone 1 Month Zonal Mean L3 Global 5.0 degree Latitude Zones V1 (SBUV2N17L3zm) at GES DISC,1521,1607
MAT3FVCHM,surface pressure,0.99,"tavg3_3d_chm_Fv: MERRA Chem 3D IAU States Cloud Precip, Time average 3-hourly  1.25 x 1.25 degree V5.2.0 (MAT3FVCHM) at GES DISC",1329,1668
MAT3FVCHM,atmospheric pressure,0.99,"tavg3_3d_chm_Fv: MERRA Chem 3D IAU States Cloud Precip, Time average 3-hourly  1.25 x 1.25 degree V5.2.0 (MAT3FVCHM) at GES DISC",1329,1665
MATUCPUDT,surface pressure,0.99,"tavgU_3d_udt_Cp: MERRA 3D IAU Tendency, Wind Components, Diurnal  1.25 x 1.25 degree V5.2.0 (MATUCPUDT) at GES DISC",1427,1668
MUSUMLSL2DGG,cloud properties,0.99,MUSTARD-UMLS Level 2 Standard Products V1 (MUSUMLSL2DGG) at GES DISC,1221,1686
MUSUMLSL2DGG,precipitation,0.99,MUSTARD-UMLS Level 2 Standard Products V1 (MUSUMLSL2DGG) at GES DISC,1221,1585
MATUCPUDT,atmospheric pressure,0.99,"tavgU_3d_udt_Cp: MERRA 3D IAU Tendency, Wind Components, Diurnal  1.25 x 1.25 degree V5.2.0 (MATUCPUDT) at GES DISC",1427,1665
AIRS,sea level pressure,0.99,Atmospheric Infrared Sounder,2171,1694
OMTO3_CPR,aerosols,0.99,OMI/Aura Level 2 Ozone (O3) Total Column 1-Orbit Subset and Collocated Swath along CloudSat track 200-km wide at 13x24 km2 resolution,1220,1607
M2T1NXOCN,geopotential height,0.99,"MERRA-2 tavg1_2d_ocn_Nx: 2d,1-Hourly,Time-Averaged,Single-Level,Assimilation,Ocean Surface Diagnostics 0.625 x 0.5 degree V5.12.4 (M2T1NXOCN) at GES DISC",1518,1705
AIRS,oceans,0.99,Atmospheric Infrared Sounder,2171,1692
SSM/I,oceans,0.99,Special Sensor Microwave/Imager,2152,1692
M2TMNPTDT,total precipitable water,0.99,"MERRA-2 tavgM_3d_tdt_Np: 3d,Monthly mean,Time-Averaged,Pressure-Level,Assimilation,Temperature Tendencies 0.625 x 0.5 degree V5.12.4 (M2TMNPTDT) at GES DISC",1517,1685
ATMS,cloud top temperature,0.99,Advanced Technology Microwave Sounder,2158,1689
SBUV2N09L3zm,aerosols,0.99,SBUV2/NOAA-9 Ozone (O3) Profile and Total Column Ozone 1 Month Zonal Mean L3 Global 5.0 degree Latitude Zones V1 (SBUV2N09L3zm) at GES DISC,1217,1607
ATMS,cloud top pressure,0.99,Advanced Technology Microwave Sounder,2158,1688
MATUCPTDT,surface pressure,0.99,"tavgU_3d_tdt_Cp: MERRA 3D IAU Tendency, Temperature, Diurnal  1.25 x 1.25 degree V5.2.0 (MATUCPTDT) at GES DISC",1323,1668
MATUCPTDT,atmospheric pressure,0.99,"tavgU_3d_tdt_Cp: MERRA 3D IAU Tendency, Temperature, Diurnal  1.25 x 1.25 degree V5.2.0 (MATUCPTDT) at GES DISC",1323,1665
M2I1NXLFO,upper air temperature,0.99,"MERRA-2 inst1_2d_lfo_Nx: 2d,1-Hourly,Instantaneous,Single-Level,Assimilation,Land Surface Forcings 0.625 x 0.5 degree V5.12.4 (M2I1NXLFO) at GES DISC",1510,1670
SNDRSNIML2CHTRETN,surface winds,0.99,"Sounder SIPS: Suomi NPP CrIMSS Level 2 CHART Normal Spectral Resolution: Atmosphere, cloud and surface geophysical state V1",1509,1749
SNDRSNIML2CHTRETN,atmospheric winds,0.99,"Sounder SIPS: Suomi NPP CrIMSS Level 2 CHART Normal Spectral Resolution: Atmosphere, cloud and surface geophysical state V1",1509,1746
SNDRSNIML2CHTRETN,water vapor processes,0.99,"Sounder SIPS: Suomi NPP CrIMSS Level 2 CHART Normal Spectral Resolution: Atmosphere, cloud and surface geophysical state V1",1509,1722
SNDRSNIML2CHTRETN,longwave radiation,0.99,"Sounder SIPS: Suomi NPP CrIMSS Level 2 CHART Normal Spectral Resolution: Atmosphere, cloud and surface geophysical state V1",1509,1719
SNDRSNIML2CHTRETN,heat flux,0.99,"Sounder SIPS: Suomi NPP CrIMSS Level 2 CHART Normal Spectral Resolution: Atmosphere, cloud and surface geophysical state V1",1509,1718
SNDRSNIML2CHTRETN,water vapor,0.99,"Sounder SIPS: Suomi NPP CrIMSS Level 2 CHART Normal Spectral Resolution: Atmosphere, cloud and surface geophysical state V1",1509,1630
SNDRSNIML2CHTRETN,soil moisture/water content,0.99,"Sounder SIPS: Suomi NPP CrIMSS Level 2 CHART Normal Spectral Resolution: Atmosphere, cloud and surface geophysical state V1",1509,1626
SNDRSNIML2CHTRETN,soils,0.99,"Sounder SIPS: Suomi NPP CrIMSS Level 2 CHART Normal Spectral Resolution: Atmosphere, cloud and surface geophysical state V1",1509,1625
SNDRJ1IML3CDCCP,surface winds,0.99,Sounder SIPS: JPSS-1 CrIS Level 3 Comprehensive Quality Control Gridded Daily CLIMCAPS V2 (SNDRJ1IML3CDCCP) at GES DISC,1505,1749
SNDRJ1IML3CDCCP,atmospheric winds,0.99,Sounder SIPS: JPSS-1 CrIS Level 3 Comprehensive Quality Control Gridded Daily CLIMCAPS V2 (SNDRJ1IML3CDCCP) at GES DISC,1505,1746
AIRS,total precipitable water,0.99,Atmospheric Infrared Sounder,2171,1685
SNDRJ1IML3CDCCP,water vapor processes,0.99,Sounder SIPS: JPSS-1 CrIS Level 3 Comprehensive Quality Control Gridded Daily CLIMCAPS V2 (SNDRJ1IML3CDCCP) at GES DISC,1505,1722
SNDRJ1IML3CDCCP,longwave radiation,0.99,Sounder SIPS: JPSS-1 CrIS Level 3 Comprehensive Quality Control Gridded Daily CLIMCAPS V2 (SNDRJ1IML3CDCCP) at GES DISC,1505,1719
SNDRJ1IML3CDCCP,heat flux,0.99,Sounder SIPS: JPSS-1 CrIS Level 3 Comprehensive Quality Control Gridded Daily CLIMCAPS V2 (SNDRJ1IML3CDCCP) at GES DISC,1505,1718
SNDRJ1IML3CDCCP,water vapor,0.99,Sounder SIPS: JPSS-1 CrIS Level 3 Comprehensive Quality Control Gridded Daily CLIMCAPS V2 (SNDRJ1IML3CDCCP) at GES DISC,1505,1630
SNDRJ1IML3CDCCP,soil moisture/water content,0.99,Sounder SIPS: JPSS-1 CrIS Level 3 Comprehensive Quality Control Gridded Daily CLIMCAPS V2 (SNDRJ1IML3CDCCP) at GES DISC,1505,1626
M2SMNXSLV,upper air temperature,0.99,"MERRA-2 statM_2d_slv_Nx: 2d,Monthly,Aggregated Statistics,Single-Level,Assimilation,Single-Level Diagnostics 0.625 x 0.5 degree V5.12.4 (M2SMNXSLV) at GES DISC",1320,1670
MAI1NXINT,clouds,0.99,"inst1_2d_int_Nx: MERRA 2D IAU Diagnostic, Vertical Integrals and Budget Terms, Time Average 1-hourly  0.667 x 0.5 degree V5.2.0 (MAI1NXINT) at GES DISC",1213,1674
MAI1NXINT,upper air temperature,0.99,"inst1_2d_int_Nx: MERRA 2D IAU Diagnostic, Vertical Integrals and Budget Terms, Time Average 1-hourly  0.667 x 0.5 degree V5.2.0 (MAI1NXINT) at GES DISC",1213,1670
SNDRJ1IML3CDCCP,soils,0.99,Sounder SIPS: JPSS-1 CrIS Level 3 Comprehensive Quality Control Gridded Daily CLIMCAPS V2 (SNDRJ1IML3CDCCP) at GES DISC,1505,1625
MATMCPQDT,surface pressure,0.99,"tavgM_3d_qdt_Cp: MERRA 3D IAU Tendency, Specific Humidity, Monthly Mean  1.25 x 1.25 degree V5.2.0 (MATMCPQDT) at GES DISC",1504,1668
MATMCPQDT,atmospheric pressure,0.99,"tavgM_3d_qdt_Cp: MERRA 3D IAU Tendency, Specific Humidity, Monthly Mean  1.25 x 1.25 degree V5.2.0 (MATMCPQDT) at GES DISC",1504,1665
SNDRJ1IML3SMCCP,surface winds,0.99,Sounder SIPS: JPSS-1 CrIS Level 3 Specific Quality Control Gridded Monthly CLIMCAPS V2 (SNDRJ1IML3SMCCP) at GES DISC,1212,1749
SNDRJ1IML3SMCCP,atmospheric winds,0.99,Sounder SIPS: JPSS-1 CrIS Level 3 Specific Quality Control Gridded Monthly CLIMCAPS V2 (SNDRJ1IML3SMCCP) at GES DISC,1212,1746
SNDRJ1IML3SMCCP,water vapor processes,0.99,Sounder SIPS: JPSS-1 CrIS Level 3 Specific Quality Control Gridded Monthly CLIMCAPS V2 (SNDRJ1IML3SMCCP) at GES DISC,1212,1722
SNDRJ1IML3SMCCP,longwave radiation,0.99,Sounder SIPS: JPSS-1 CrIS Level 3 Specific Quality Control Gridded Monthly CLIMCAPS V2 (SNDRJ1IML3SMCCP) at GES DISC,1212,1719
